id_registro,flor,id_cinetica,compuesto,T_C,relacion,disolvente,tiempo_min,A_band1,A_band2,A_band3,conc_band1,conc_band2,conc_band3,conc_promedio,metrica_conc
1,Clitoria_ternatea,1,Antocianinas ,60,1_30,Agua75_ETA25,15,0.002,0.008,0.004,0.333680297,1.33472119,0.667360595,0.778587361,mg/L
2,Clitoria_ternatea,1,Antocianinas ,60,1_30,Agua75_ETA25,30,0.009,0.014,0.014,1.501561338,2.335762082,2.335762082,2.057695167,mg/L
3,Clitoria_ternatea,1,Antocianinas ,60,1_30,Agua75_ETA25,60,0.015,0.01,0.015,2.50260223,1.668401487,2.50260223,2.224535316,mg/L
4,Clitoria_ternatea,1,Antocianinas ,60,1_30,Agua75_ETA25,90,0.014,0.018,0.013,2.335762082,3.003122677,2.168921933,2.50260223,mg/L
5,Clitoria_ternatea,1,Antocianinas ,60,1_30,Agua75_ETA25,120,0.014,0.003,0.016,2.335762082,0.500520446,2.669442379,1.835241636,mg/L
6,Clitoria_ternatea,1,Antocianinas ,60,1_30,Agua75_ETA25,150,0.015,0.013,0.01,2.50260223,2.168921933,1.668401487,2.11330855,mg/L
7,Clitoria_ternatea,1,Antocianinas ,60,1_30,Agua75_ETA25,180,0.02,0.007,0.013,3.336802974,1.167881041,2.168921933,2.224535316,mg/L
8,Clitoria_ternatea,1,Antocianinas ,60,1_30,Agua75_ETA25,210,0.016,0.007,0.015,2.669442379,1.167881041,2.50260223,2.11330855,mg/L
9,Clitoria_ternatea,1,Antocianinas ,60,1_30,Agua75_ETA25,240,0.014,0.017,0.007,2.335762082,2.836282528,1.167881041,2.11330855,mg/L
10,Clitoria_ternatea,1,Antocianinas ,60,1_30,Agua75_ETA25,270,0.01,0.012,0.012,1.668401487,2.002081784,2.002081784,1.890855019,mg/L
11,Clitoria_ternatea,1,Antocianinas ,60,1_30,Agua75_ETA25,300,0.012,0.009,0.006,2.002081784,1.501561338,1.001040892,1.501561338,mg/L
12,Clitoria_ternatea,2,Antocianinas ,75,1_30,Agua75_ETA25,15,0.01,0.017,0.01,1.668401487,2.836282528,1.668401487,2.057695167,mg/L
13,Clitoria_ternatea,2,Antocianinas ,75,1_30,Agua75_ETA25,30,0.021,0.015,0.016,3.503643123,2.50260223,2.669442379,2.891895911,mg/L
14,Clitoria_ternatea,2,Antocianinas ,75,1_30,Agua75_ETA25,60,0.016,0.012,0.006,2.669442379,2.002081784,1.001040892,1.890855019,mg/L
15,Clitoria_ternatea,2,Antocianinas ,75,1_30,Agua75_ETA25,90,0.014,0.019,0.015,2.335762082,3.169962825,2.50260223,2.669442379,mg/L
16,Clitoria_ternatea,2,Antocianinas ,75,1_30,Agua75_ETA25,120,0.016,0.027,0.02,2.669442379,4.504684015,3.336802974,3.503643123,mg/L
17,Clitoria_ternatea,2,Antocianinas ,75,1_30,Agua75_ETA25,150,0.02,0.008,0.026,3.336802974,1.33472119,4.337843866,3.003122677,mg/L
18,Clitoria_ternatea,2,Antocianinas ,75,1_30,Agua75_ETA25,180,0.022,0.019,0.022,3.670483271,3.169962825,3.670483271,3.503643123,mg/L
19,Clitoria_ternatea,2,Antocianinas ,75,1_30,Agua75_ETA25,210,0.017,0.029,0.019,2.836282528,4.838364312,3.169962825,3.614869888,mg/L
20,Clitoria_ternatea,2,Antocianinas ,75,1_30,Agua75_ETA25,240,0.01,0.019,0.014,1.668401487,3.169962825,2.335762082,2.391375465,mg/L
21,Clitoria_ternatea,2,Antocianinas ,75,1_30,Agua75_ETA25,270,0.022,0.016,0.013,3.670483271,2.669442379,2.168921933,2.836282528,mg/L
22,Clitoria_ternatea,2,Antocianinas ,75,1_30,Agua75_ETA25,300,0.007,0.012,0.005,1.167881041,2.002081784,0.834200743,1.33472119,mg/L
23,Clitoria_ternatea,3,Antocianinas ,60,1_10,Agua75_ETA25,15,0.016,0.026,0.045,2.669442379,4.337843866,7.507806691,4.838364312,mg/L
24,Clitoria_ternatea,3,Antocianinas ,60,1_10,Agua75_ETA25,30,0.028,0.026,0.033,4.671524164,4.337843866,5.505724907,4.838364312,mg/L
25,Clitoria_ternatea,3,Antocianinas ,60,1_10,Agua75_ETA25,60,0.039,0.057,0.021,6.506765799,9.509888476,3.503643123,6.506765799,mg/L
26,Clitoria_ternatea,3,Antocianinas ,60,1_10,Agua75_ETA25,90,0.037,0.036,0.037,6.173085502,6.006245353,6.173085502,6.117472119,mg/L
27,Clitoria_ternatea,3,Antocianinas ,60,1_10,Agua75_ETA25,120,0.039,0.039,0.046,6.506765799,6.506765799,7.67464684,6.89605948,mg/L
28,Clitoria_ternatea,3,Antocianinas ,60,1_10,Agua75_ETA25,150,0.037,0.045,0.038,6.173085502,7.507806691,6.339925651,6.673605948,mg/L
29,Clitoria_ternatea,3,Antocianinas ,60,1_10,Agua75_ETA25,180,0.039,0.032,0.049,6.506765799,5.338884758,8.175167286,6.673605948,mg/L
30,Clitoria_ternatea,3,Antocianinas ,60,1_10,Agua75_ETA25,210,0.036,0.044,0.045,6.006245353,7.340966543,7.507806691,6.951672862,mg/L
31,Clitoria_ternatea,3,Antocianinas ,60,1_10,Agua75_ETA25,240,0.047,0.047,0.06,7.841486989,7.841486989,10.01040892,8.564460967,mg/L
32,Clitoria_ternatea,3,Antocianinas ,60,1_10,Agua75_ETA25,270,0.038,0.037,0.032,6.339925651,6.173085502,5.338884758,5.95063197,mg/L
33,Clitoria_ternatea,3,Antocianinas ,60,1_10,Agua75_ETA25,300,0.055,0.048,0.042,9.176208178,8.008327138,7.007286245,8.06394052,mg/L
34,Clitoria_ternatea,4,Antocianinas ,75,1_10,Agua75_ETA25,15,0.062,0.067,0.048,10.34408922,11.17828996,8.008327138,9.843568773,mg/L
35,Clitoria_ternatea,4,Antocianinas ,75,1_10,Agua75_ETA25,30,0.046,0.035,0.038,7.67464684,5.839405204,6.339925651,6.617992565,mg/L
36,Clitoria_ternatea,4,Antocianinas ,75,1_10,Agua75_ETA25,60,0.033,0.038,0.028,5.505724907,6.339925651,4.671524164,5.505724907,mg/L
37,Clitoria_ternatea,4,Antocianinas ,75,1_10,Agua75_ETA25,90,0.048,0.047,0.047,8.008327138,7.841486989,7.841486989,7.897100372,mg/L
38,Clitoria_ternatea,4,Antocianinas ,75,1_10,Agua75_ETA25,120,0.04,0.038,0.051,6.673605948,6.339925651,8.508847584,7.174126394,mg/L
39,Clitoria_ternatea,4,Antocianinas ,75,1_10,Agua75_ETA25,150,0.041,0.035,0.069,6.840446097,5.839405204,11.51197026,8.06394052,mg/L
40,Clitoria_ternatea,4,Antocianinas ,75,1_10,Agua75_ETA25,180,0.08,0.041,0.06,13.3472119,6.840446097,10.01040892,10.0660223,mg/L
41,Clitoria_ternatea,4,Antocianinas ,75,1_10,Agua75_ETA25,210,0.073,0.037,0.063,12.17933086,6.173085502,10.51092937,9.621115242,mg/L
42,Clitoria_ternatea,4,Antocianinas ,75,1_10,Agua75_ETA25,240,0.038,0.035,0.057,6.339925651,5.839405204,9.509888476,7.229739777,mg/L
43,Clitoria_ternatea,4,Antocianinas ,75,1_10,Agua75_ETA25,270,0.038,0.036,0.066,6.339925651,6.006245353,11.01144981,7.785873606,mg/L
44,Clitoria_ternatea,4,Antocianinas ,75,1_10,Agua75_ETA25,300,0.029,0.05,0.04,4.838364312,8.342007435,6.673605948,6.617992565,mg/L
45,Clitoria_ternatea,5,Antocianinas ,60,1_20,Agua50_ETA50,15,0.02,0.021,0.017,3.336802974,3.503643123,2.836282528,3.225576208,mg/L
46,Clitoria_ternatea,5,Antocianinas ,60,1_20,Agua50_ETA50,30,0.012,0.027,0.01,2.002081784,4.504684015,1.668401487,2.725055762,mg/L
47,Clitoria_ternatea,5,Antocianinas ,60,1_20,Agua50_ETA50,60,0.009,0.018,0.02,1.501561338,3.003122677,3.336802974,2.613828996,mg/L
48,Clitoria_ternatea,5,Antocianinas ,60,1_20,Agua50_ETA50,90,0.02,0.018,0.023,3.336802974,3.003122677,3.83732342,3.392416357,mg/L
49,Clitoria_ternatea,5,Antocianinas ,60,1_20,Agua50_ETA50,120,0.035,0.027,0.021,5.839405204,4.504684015,3.503643123,4.615910781,mg/L
50,Clitoria_ternatea,5,Antocianinas ,60,1_20,Agua50_ETA50,150,0.026,0.034,0.012,4.337843866,5.672565056,2.002081784,4.004163569,mg/L
51,Clitoria_ternatea,5,Antocianinas ,60,1_20,Agua50_ETA50,180,0.033,0.028,0.025,5.505724907,4.671524164,4.171003717,4.782750929,mg/L
52,Clitoria_ternatea,5,Antocianinas ,60,1_20,Agua50_ETA50,210,0.02,0.019,0.028,3.336802974,3.169962825,4.671524164,3.726096654,mg/L
53,Clitoria_ternatea,5,Antocianinas ,60,1_20,Agua50_ETA50,240,0.024,0.021,0.027,4.004163569,3.503643123,4.504684015,4.004163569,mg/L
54,Clitoria_ternatea,5,Antocianinas ,60,1_20,Agua50_ETA50,270,0.022,0.022,0.023,3.670483271,3.670483271,3.83732342,3.726096654,mg/L
55,Clitoria_ternatea,5,Antocianinas ,60,1_20,Agua50_ETA50,300,0,0.007,0.004,0,1.167881041,0.667360595,0.611747212,mg/L
56,Clitoria_ternatea,6,Antocianinas ,75,1_20,Agua50_ETA50,15,0.029,0.048,0.024,4.838364312,8.008327138,4.004163569,5.616951673,mg/L
57,Clitoria_ternatea,6,Antocianinas ,75,1_20,Agua50_ETA50,30,0.019,0.031,0.013,3.169962825,5.17204461,2.168921933,3.503643123,mg/L
58,Clitoria_ternatea,6,Antocianinas ,75,1_20,Agua50_ETA50,60,0.025,0.024,0.031,4.171003717,4.004163569,5.17204461,4.449070632,mg/L
59,Clitoria_ternatea,6,Antocianinas ,75,1_20,Agua50_ETA50,90,0.041,0.034,0.026,6.840446097,5.672565056,4.337843866,5.616951673,mg/L
60,Clitoria_ternatea,6,Antocianinas ,75,1_20,Agua50_ETA50,120,0.025,0.038,0.017,4.171003717,6.339925651,2.836282528,4.449070632,mg/L
61,Clitoria_ternatea,6,Antocianinas ,75,1_20,Agua50_ETA50,150,0.04,0.016,0.035,6.673605948,2.669442379,5.839405204,5.060817844,mg/L
62,Clitoria_ternatea,6,Antocianinas ,75,1_20,Agua50_ETA50,180,0.03,0.035,0.033,5.005204461,5.839405204,5.505724907,5.450111524,mg/L
63,Clitoria_ternatea,6,Antocianinas ,75,1_20,Agua50_ETA50,210,0.039,0.04,0.037,6.506765799,6.673605948,6.173085502,6.451152416,mg/L
64,Clitoria_ternatea,6,Antocianinas ,75,1_20,Agua50_ETA50,240,0.046,0.041,0.045,7.67464684,6.840446097,7.507806691,7.340966543,mg/L
65,Clitoria_ternatea,6,Antocianinas ,75,1_20,Agua50_ETA50,270,0.031,0.063,0.056,5.17204461,10.51092937,9.343048327,8.342007435,mg/L
66,Clitoria_ternatea,6,Antocianinas ,75,1_20,Agua50_ETA50,300,0.046,0.043,0.036,7.67464684,7.174126394,6.006245353,6.951672862,mg/L
67,Clitoria_ternatea,7,Antocianinas ,60,1_20,Agua100,15,0.008,0.009,0.001,1.33472119,1.501561338,0.166840149,1.001040892,mg/L
68,Clitoria_ternatea,7,Antocianinas ,60,1_20,Agua100,30,0.005,0.009,0.009,0.834200743,1.501561338,1.501561338,1.279107807,mg/L
69,Clitoria_ternatea,7,Antocianinas ,60,1_20,Agua100,60,0.016,0.016,0.016,2.669442379,2.669442379,2.669442379,2.669442379,mg/L
70,Clitoria_ternatea,7,Antocianinas ,60,1_20,Agua100,90,0.009,0.016,0.016,1.501561338,2.669442379,2.669442379,2.280148699,mg/L
71,Clitoria_ternatea,7,Antocianinas ,60,1_20,Agua100,120,0.021,0.009,0.012,3.503643123,1.501561338,2.002081784,2.335762082,mg/L
72,Clitoria_ternatea,7,Antocianinas ,60,1_20,Agua100,150,0.021,0.006,0.018,3.503643123,1.001040892,3.003122677,2.50260223,mg/L
73,Clitoria_ternatea,7,Antocianinas ,60,1_20,Agua100,180,0.026,0.022,0.017,4.337843866,3.670483271,2.836282528,3.614869888,mg/L
74,Clitoria_ternatea,7,Antocianinas ,60,1_20,Agua100,210,0.018,0.02,0.026,3.003122677,3.336802974,4.337843866,3.559256506,mg/L
75,Clitoria_ternatea,7,Antocianinas ,60,1_20,Agua100,240,0.03,0.036,0.02,5.005204461,6.006245353,3.336802974,4.782750929,mg/L
76,Clitoria_ternatea,7,Antocianinas ,60,1_20,Agua100,270,0.026,0.013,0.019,4.337843866,2.168921933,3.169962825,3.225576208,mg/L
77,Clitoria_ternatea,7,Antocianinas ,60,1_20,Agua100,300,0.018,0.022,0.025,3.003122677,3.670483271,4.171003717,3.614869888,mg/L
78,Clitoria_ternatea,8,Antocianinas ,75,1_20,Agua100,15,0.011,0.025,0.019,1.835241636,4.171003717,3.169962825,3.058736059,mg/L
79,Clitoria_ternatea,8,Antocianinas ,75,1_20,Agua100,30,0.025,0.035,0.03,4.171003717,5.839405204,5.005204461,5.005204461,mg/L
80,Clitoria_ternatea,8,Antocianinas ,75,1_20,Agua100,60,0.028,0.013,0.016,4.671524164,2.168921933,2.669442379,3.169962825,mg/L
81,Clitoria_ternatea,8,Antocianinas ,75,1_20,Agua100,90,0.023,0.03,0.018,3.83732342,5.005204461,3.003122677,3.948550186,mg/L
82,Clitoria_ternatea,8,Antocianinas ,75,1_20,Agua100,120,0.025,0.02,0.018,4.171003717,3.336802974,3.003122677,3.503643123,mg/L
83,Clitoria_ternatea,8,Antocianinas ,75,1_20,Agua100,150,0.017,0.014,0.024,2.836282528,2.335762082,4.004163569,3.058736059,mg/L
84,Clitoria_ternatea,8,Antocianinas ,75,1_20,Agua100,180,0.021,0.013,0.018,3.503643123,2.168921933,3.003122677,2.891895911,mg/L
85,Clitoria_ternatea,8,Antocianinas ,75,1_20,Agua100,210,0.008,0.005,0.019,1.33472119,0.834200743,3.169962825,1.779628253,mg/L
86,Clitoria_ternatea,8,Antocianinas ,75,1_20,Agua100,240,0.009,0.009,0.009,1.501561338,1.501561338,1.501561338,1.501561338,mg/L
87,Clitoria_ternatea,8,Antocianinas ,75,1_20,Agua100,270,0.014,0.015,0.009,2.335762082,2.50260223,1.501561338,2.11330855,mg/L
88,Clitoria_ternatea,8,Antocianinas ,75,1_20,Agua100,300,0.002,0.014,0.012,0.333680297,2.335762082,2.002081784,1.557174721,mg/L
89,Clitoria_ternatea,9,Antocianinas ,67.5,1_30,Agua50_ETA50,15,0.01,0.012,0.014,1.668401487,2.002081784,2.335762082,2.002081784,mg/L
90,Clitoria_ternatea,9,Antocianinas ,67.5,1_30,Agua50_ETA50,30,0.005,0.026,0.007,0.834200743,4.337843866,1.167881041,2.11330855,mg/L
91,Clitoria_ternatea,9,Antocianinas ,67.5,1_30,Agua50_ETA50,60,0.015,0.004,0.017,2.50260223,0.667360595,2.836282528,2.002081784,mg/L
92,Clitoria_ternatea,9,Antocianinas ,67.5,1_30,Agua50_ETA50,90,0.005,0.008,0.028,0.834200743,1.33472119,4.671524164,2.280148699,mg/L
93,Clitoria_ternatea,9,Antocianinas ,67.5,1_30,Agua50_ETA50,120,0.015,0.023,0.011,2.50260223,3.83732342,1.835241636,2.725055762,mg/L
94,Clitoria_ternatea,9,Antocianinas ,67.5,1_30,Agua50_ETA50,150,0.011,0.019,0.019,1.835241636,3.169962825,3.169962825,2.725055762,mg/L
95,Clitoria_ternatea,9,Antocianinas ,67.5,1_30,Agua50_ETA50,180,0.019,0.014,0.027,3.169962825,2.335762082,4.504684015,3.336802974,mg/L
96,Clitoria_ternatea,9,Antocianinas ,67.5,1_30,Agua50_ETA50,210,0.009,0.01,0.009,1.501561338,1.668401487,1.501561338,1.557174721,mg/L
97,Clitoria_ternatea,9,Antocianinas ,67.5,1_30,Agua50_ETA50,240,0.012,0.015,0.017,2.002081784,2.50260223,2.836282528,2.446988848,mg/L
98,Clitoria_ternatea,9,Antocianinas ,67.5,1_30,Agua50_ETA50,270,0.008,0.012,0.022,1.33472119,2.002081784,3.670483271,2.335762082,mg/L
99,Clitoria_ternatea,9,Antocianinas ,67.5,1_30,Agua50_ETA50,300,0.008,0.01,0.023,1.33472119,1.668401487,3.83732342,2.280148699,mg/L
100,Clitoria_ternatea,10,Antocianinas ,67.5,1_10,Agua50_ETA50,15,0.036,0.021,0.047,6.006245353,3.503643123,7.841486989,5.783791822,mg/L
101,Clitoria_ternatea,10,Antocianinas ,67.5,1_10,Agua50_ETA50,30,0.028,0.043,0.038,4.671524164,7.174126394,6.339925651,6.061858736,mg/L
102,Clitoria_ternatea,10,Antocianinas ,67.5,1_10,Agua50_ETA50,60,0.041,0.032,0.036,6.840446097,5.338884758,6.006245353,6.061858736,mg/L
103,Clitoria_ternatea,10,Antocianinas ,67.5,1_10,Agua50_ETA50,90,0.052,0.032,0.039,8.675687732,5.338884758,6.506765799,6.840446097,mg/L
104,Clitoria_ternatea,10,Antocianinas ,67.5,1_10,Agua50_ETA50,120,0.039,0.033,0.035,6.506765799,5.505724907,5.839405204,5.95063197,mg/L
105,Clitoria_ternatea,10,Antocianinas ,67.5,1_10,Agua50_ETA50,150,0.023,0.025,0.033,3.83732342,4.171003717,5.505724907,4.504684015,mg/L
106,Clitoria_ternatea,10,Antocianinas ,67.5,1_10,Agua50_ETA50,180,0.027,0.012,0.045,4.504684015,2.002081784,7.507806691,4.671524164,mg/L
107,Clitoria_ternatea,10,Antocianinas ,67.5,1_10,Agua50_ETA50,210,0.018,0.03,0.051,3.003122677,5.005204461,8.508847584,5.505724907,mg/L
108,Clitoria_ternatea,10,Antocianinas ,67.5,1_10,Agua50_ETA50,240,0.037,0.035,0.033,6.173085502,5.839405204,5.505724907,5.839405204,mg/L
109,Clitoria_ternatea,10,Antocianinas ,67.5,1_10,Agua50_ETA50,270,0.047,0.046,0.039,7.841486989,7.67464684,6.506765799,7.340966543,mg/L
110,Clitoria_ternatea,10,Antocianinas ,67.5,1_10,Agua50_ETA50,300,0.045,0.06,0.054,7.507806691,10.01040892,9.00936803,8.842527881,mg/L
111,Clitoria_ternatea,11,Antocianinas ,67.5,1_30,Agua100,15,0.001,0.01,0.006,0.166840149,1.668401487,1.001040892,0.945427509,mg/L
112,Clitoria_ternatea,11,Antocianinas ,67.5,1_30,Agua100,30,0.015,0.013,0.009,2.50260223,2.168921933,1.501561338,2.057695167,mg/L
113,Clitoria_ternatea,11,Antocianinas ,67.5,1_30,Agua100,60,0.013,0.022,0.011,2.168921933,3.670483271,1.835241636,2.558215613,mg/L
114,Clitoria_ternatea,11,Antocianinas ,67.5,1_30,Agua100,90,0.015,0.013,0.016,2.50260223,2.168921933,2.669442379,2.446988848,mg/L
115,Clitoria_ternatea,11,Antocianinas ,67.5,1_30,Agua100,120,0.015,0.018,0.012,2.50260223,3.003122677,2.002081784,2.50260223,mg/L
116,Clitoria_ternatea,11,Antocianinas ,67.5,1_30,Agua100,150,0.017,0.013,0.022,2.836282528,2.168921933,3.670483271,2.891895911,mg/L
117,Clitoria_ternatea,11,Antocianinas ,67.5,1_30,Agua100,180,0.013,0.01,0.012,2.168921933,1.668401487,2.002081784,1.946468401,mg/L
118,Clitoria_ternatea,11,Antocianinas ,67.5,1_30,Agua100,210,0.021,0.015,0.011,3.503643123,2.50260223,1.835241636,2.613828996,mg/L
119,Clitoria_ternatea,11,Antocianinas ,67.5,1_30,Agua100,240,0.018,0.011,0.013,3.003122677,1.835241636,2.168921933,2.335762082,mg/L
120,Clitoria_ternatea,11,Antocianinas ,67.5,1_30,Agua100,270,0.014,0.007,0.011,2.335762082,1.167881041,1.835241636,1.779628253,mg/L
121,Clitoria_ternatea,11,Antocianinas ,67.5,1_30,Agua100,300,0.009,0.008,0.013,1.501561338,1.33472119,2.168921933,1.668401487,mg/L
122,Clitoria_ternatea,12,Antocianinas ,67.5,1_10,Agua100,15,0.03,0.029,-0.007,5.005204461,4.838364312,-1.167881041,2.891895911,mg/L
123,Clitoria_ternatea,12,Antocianinas ,67.5,1_10,Agua100,30,0.023,0.037,0.043,3.83732342,6.173085502,7.174126394,5.728178439,mg/L
124,Clitoria_ternatea,12,Antocianinas ,67.5,1_10,Agua100,60,0.051,0.029,0.054,8.508847584,4.838364312,9.00936803,7.452193309,mg/L
125,Clitoria_ternatea,12,Antocianinas ,67.5,1_10,Agua100,90,0.061,0.031,0.046,10.17724907,5.17204461,7.67464684,7.67464684,mg/L
126,Clitoria_ternatea,12,Antocianinas ,67.5,1_10,Agua100,120,0.069,0.039,0.043,11.51197026,6.506765799,7.174126394,8.397620818,mg/L
127,Clitoria_ternatea,12,Antocianinas ,67.5,1_10,Agua100,150,0.069,0.063,0.047,11.51197026,10.51092937,7.841486989,9.954795539,mg/L
128,Clitoria_ternatea,12,Antocianinas ,67.5,1_10,Agua100,180,0.067,0.046,0.064,11.17828996,7.67464684,10.67776952,9.843568773,mg/L
129,Clitoria_ternatea,12,Antocianinas ,67.5,1_10,Agua100,210,0.047,0.067,0.039,7.841486989,11.17828996,6.506765799,8.508847584,mg/L
130,Clitoria_ternatea,12,Antocianinas ,67.5,1_10,Agua100,240,0.045,0.046,0.064,7.507806691,7.67464684,10.67776952,8.620074349,mg/L
131,Clitoria_ternatea,12,Antocianinas ,67.5,1_10,Agua100,270,0.035,0.028,0.053,5.839405204,4.671524164,8.842527881,6.451152416,mg/L
132,Clitoria_ternatea,12,Antocianinas ,67.5,1_10,Agua100,300,0.057,0.018,0.035,9.509888476,3.003122677,5.839405204,6.117472119,mg/L
133,Clitoria_ternatea,13,Antocianinas ,67.5,1_20,Agua75_ETA25,15,0.014,0.016,0.023,2.335762082,2.669442379,3.83732342,2.947509294,mg/L
134,Clitoria_ternatea,13,Antocianinas ,67.5,1_20,Agua75_ETA25,30,0.019,0.04,0.031,3.169962825,6.673605948,5.17204461,5.005204461,mg/L
135,Clitoria_ternatea,13,Antocianinas ,67.5,1_20,Agua75_ETA25,60,0.012,0.014,0.01,2.002081784,2.335762082,1.668401487,2.002081784,mg/L
136,Clitoria_ternatea,13,Antocianinas ,67.5,1_20,Agua75_ETA25,90,0.024,0.033,0.024,4.004163569,5.505724907,4.004163569,4.504684015,mg/L
137,Clitoria_ternatea,13,Antocianinas ,67.5,1_20,Agua75_ETA25,120,0.018,0.039,0.034,3.003122677,6.506765799,5.672565056,5.060817844,mg/L
138,Clitoria_ternatea,13,Antocianinas ,67.5,1_20,Agua75_ETA25,150,0.03,0.017,0.036,5.005204461,2.836282528,6.006245353,4.615910781,mg/L
139,Clitoria_ternatea,13,Antocianinas ,67.5,1_20,Agua75_ETA25,180,0.036,0.029,0.021,6.006245353,4.838364312,3.503643123,4.782750929,mg/L
140,Clitoria_ternatea,13,Antocianinas ,67.5,1_20,Agua75_ETA25,210,0.028,0.019,0.032,4.671524164,3.169962825,5.338884758,4.393457249,mg/L
141,Clitoria_ternatea,13,Antocianinas ,67.5,1_20,Agua75_ETA25,240,0.011,0.018,0.03,1.835241636,3.003122677,5.005204461,3.281189591,mg/L
142,Clitoria_ternatea,13,Antocianinas ,67.5,1_20,Agua75_ETA25,270,0.012,0.025,0.013,2.002081784,4.171003717,2.168921933,2.780669145,mg/L
143,Clitoria_ternatea,13,Antocianinas ,67.5,1_20,Agua75_ETA25,300,0.012,0.019,0.029,2.002081784,3.169962825,4.838364312,3.336802974,mg/L
144,Clitoria_ternatea,14,Antocianinas ,67.5,1_20,Agua75_ETA25,15,0.047,0.057,0.05,7.841486989,9.509888476,8.342007435,8.564460967,mg/L
145,Clitoria_ternatea,14,Antocianinas ,67.5,1_20,Agua75_ETA25,30,0.038,0.027,0.049,6.339925651,4.504684015,8.175167286,6.339925651,mg/L
146,Clitoria_ternatea,14,Antocianinas ,67.5,1_20,Agua75_ETA25,60,0.031,0.06,0.056,5.17204461,10.01040892,9.343048327,8.175167286,mg/L
147,Clitoria_ternatea,14,Antocianinas ,67.5,1_20,Agua75_ETA25,90,0.033,0.046,0.03,5.505724907,7.67464684,5.005204461,6.061858736,mg/L
148,Clitoria_ternatea,14,Antocianinas ,67.5,1_20,Agua75_ETA25,120,0.04,0.055,0.024,6.673605948,9.176208178,4.004163569,6.617992565,mg/L
149,Clitoria_ternatea,14,Antocianinas ,67.5,1_20,Agua75_ETA25,150,0.061,0.022,0.049,10.17724907,3.670483271,8.175167286,7.340966543,mg/L
150,Clitoria_ternatea,14,Antocianinas ,67.5,1_20,Agua75_ETA25,180,0.036,0.039,0.065,6.006245353,6.506765799,10.84460967,7.785873606,mg/L
151,Clitoria_ternatea,14,Antocianinas ,67.5,1_20,Agua75_ETA25,210,0.06,0.047,0.022,10.01040892,7.841486989,3.670483271,7.174126394,mg/L
152,Clitoria_ternatea,14,Antocianinas ,67.5,1_20,Agua75_ETA25,240,0.038,0.054,0.045,6.339925651,9.00936803,7.507806691,7.619033457,mg/L
153,Clitoria_ternatea,14,Antocianinas ,67.5,1_20,Agua75_ETA25,270,0.034,0.032,0.072,5.672565056,5.338884758,12.01249071,7.67464684,mg/L
154,Clitoria_ternatea,14,Antocianinas ,67.5,1_20,Agua75_ETA25,300,0.014,0.042,0.043,2.335762082,7.007286245,7.174126394,5.505724907,mg/L
155,Clitoria_ternatea,15,Antocianinas ,67.5,1_20,Agua75_ETA25,15,0.018,0.015,0.018,3.003122677,2.50260223,3.003122677,2.836282528,mg/L
156,Clitoria_ternatea,15,Antocianinas ,67.5,1_20,Agua75_ETA25,30,0.023,0.021,0.031,3.83732342,3.503643123,5.17204461,4.171003717,mg/L
157,Clitoria_ternatea,15,Antocianinas ,67.5,1_20,Agua75_ETA25,60,0.046,0.032,0.028,7.67464684,5.338884758,4.671524164,5.895018587,mg/L
158,Clitoria_ternatea,15,Antocianinas ,67.5,1_20,Agua75_ETA25,90,0.031,0.034,0.06,5.17204461,5.672565056,10.01040892,6.951672862,mg/L
159,Clitoria_ternatea,15,Antocianinas ,67.5,1_20,Agua75_ETA25,120,0.046,0.037,0.034,7.67464684,6.173085502,5.672565056,6.506765799,mg/L
160,Clitoria_ternatea,15,Antocianinas ,67.5,1_20,Agua75_ETA25,150,0.037,0.039,0.051,6.173085502,6.506765799,8.508847584,7.062899628,mg/L
161,Clitoria_ternatea,15,Antocianinas ,67.5,1_20,Agua75_ETA25,180,0.043,0.04,0.054,7.174126394,6.673605948,9.00936803,7.619033457,mg/L
162,Clitoria_ternatea,15,Antocianinas ,67.5,1_20,Agua75_ETA25,210,0.019,0.028,0.035,3.169962825,4.671524164,5.839405204,4.560297398,mg/L
163,Clitoria_ternatea,15,Antocianinas ,67.5,1_20,Agua75_ETA25,240,0.022,0.028,0.049,3.670483271,4.671524164,8.175167286,5.505724907,mg/L
164,Clitoria_ternatea,15,Antocianinas ,67.5,1_20,Agua75_ETA25,270,0.039,0.02,0.056,6.506765799,3.336802974,9.343048327,6.395539033,mg/L
165,Clitoria_ternatea,15,Antocianinas ,67.5,1_20,Agua75_ETA25,300,0.027,0.035,0.019,4.504684015,5.839405204,3.169962825,4.504684015,mg/L
166,Clitoria_ternatea,1,Fenoles,60,1_30,Agua75_ETA25,15,0.474,0.434,0.57,0.518308883,0.4721035,0.629201802,0.539871395,mg/L
167,Clitoria_ternatea,1,Fenoles,60,1_30,Agua75_ETA25,30,0.449,0.476,0.446,0.489430519,0.520619152,0.485965115,0.498671595,mg/L
168,Clitoria_ternatea,1,Fenoles,60,1_30,Agua75_ETA25,60,0.47,0.479,0.414,0.513688345,0.524084556,0.449000809,0.495591236,mg/L
169,Clitoria_ternatea,1,Fenoles,60,1_30,Agua75_ETA25,90,0.48,0.615,0.513,0.52523969,0.681182858,0.563359131,0.589927227,mg/L
170,Clitoria_ternatea,1,Fenoles,60,1_30,Agua75_ETA25,120,0.511,0.499,0.532,0.561048862,0.547187247,0.585306688,0.564514266,mg/L
171,Clitoria_ternatea,1,Fenoles,60,1_30,Agua75_ETA25,150,0.445,0.63,0.559,0.48480998,0.698509876,0.616495322,0.599938393,mg/L
172,Clitoria_ternatea,1,Fenoles,60,1_30,Agua75_ETA25,180,0.519,0.52,0.521,0.570289939,0.571445073,0.572600208,0.571445073,mg/L
173,Clitoria_ternatea,1,Fenoles,60,1_30,Agua75_ETA25,210,0.444,0.428,0.534,0.483654846,0.465172693,0.587616957,0.512148165,mg/L
174,Clitoria_ternatea,1,Fenoles,60,1_30,Agua75_ETA25,240,0.586,0.453,0.45,0.647683955,0.494051057,0.490585653,0.544106888,mg/L
175,Clitoria_ternatea,1,Fenoles,60,1_30,Agua75_ETA25,270,0.56,0.517,0.473,0.617650456,0.56797967,0.517153748,0.567594625,mg/L
176,Clitoria_ternatea,1,Fenoles,60,1_30,Agua75_ETA25,300,0.529,0.498,0.49,0.581841285,0.546032113,0.536791036,0.554888144,mg/L
177,Clitoria_ternatea,2,Fenoles,75,1_30,Agua75_ETA25,15,0.985,1.219,0.948,1.10858265,1.37888414,1.065842671,1.184436487,mg/L
178,Clitoria_ternatea,2,Fenoles,75,1_30,Agua75_ETA25,30,0.904,0.988,0.92,1.015016749,1.112048054,1.033498903,1.053521235,mg/L
179,Clitoria_ternatea,2,Fenoles,75,1_30,Agua75_ETA25,60,1.009,1.169,0.953,1.13630588,1.321127411,1.071618344,1.176350545,mg/L
180,Clitoria_ternatea,2,Fenoles,75,1_30,Agua75_ETA25,90,1.006,1.055,1.01,1.132840476,1.18944207,1.137461014,1.153247853,mg/L
181,Clitoria_ternatea,2,Fenoles,75,1_30,Agua75_ETA25,120,0.922,1.005,1.235,1.035809172,1.131685341,1.397366293,1.188286935,mg/L
182,Clitoria_ternatea,2,Fenoles,75,1_30,Agua75_ETA25,150,1.004,0.97,0.946,1.130530207,1.091255631,1.063532402,1.09510608,mg/L
183,Clitoria_ternatea,2,Fenoles,75,1_30,Agua75_ETA25,180,0.998,1.032,0.913,1.123599399,1.162873975,1.025412961,1.103962112,mg/L
184,Clitoria_ternatea,2,Fenoles,75,1_30,Agua75_ETA25,210,1.041,1.035,0.958,1.173270186,1.166339379,1.077394016,1.139001194,mg/L
185,Clitoria_ternatea,2,Fenoles,75,1_30,Agua75_ETA25,240,1.211,0.969,1.031,1.369643063,1.090100497,1.16171884,1.207154133,mg/L
186,Clitoria_ternatea,2,Fenoles,75,1_30,Agua75_ETA25,270,1.17,0.784,1.081,1.322282546,0.876400601,1.219475569,1.139386238,mg/L
187,Clitoria_ternatea,2,Fenoles,75,1_30,Agua75_ETA25,300,1.08,0.9,1.003,1.218320434,1.010396211,1.129375072,1.119363906,mg/L
188,Clitoria_ternatea,3,Fenoles,60,1_10,Agua75_ETA25,15,0.855,1.034,1.027,0.958415155,1.165184244,1.157098302,1.0935659,mg/L
189,Clitoria_ternatea,3,Fenoles,60,1_10,Agua75_ETA25,30,1.074,1.232,1.347,1.211389627,1.393900889,1.526741365,1.377343961,mg/L
190,Clitoria_ternatea,3,Fenoles,60,1_10,Agua75_ETA25,60,1.08,1.249,1.177,1.218320434,1.413538177,1.330368488,1.320742366,mg/L
191,Clitoria_ternatea,3,Fenoles,60,1_10,Agua75_ETA25,90,1.133,1.252,1.371,1.279542567,1.417003581,1.554464595,1.417003581,mg/L
192,Clitoria_ternatea,3,Fenoles,60,1_10,Agua75_ETA25,120,1.296,1.28,1.333,1.467829502,1.449347349,1.510569481,1.475915444,mg/L
193,Clitoria_ternatea,3,Fenoles,60,1_10,Agua75_ETA25,150,1.321,0.939,1.332,1.496707866,1.05544646,1.509414347,1.353856224,mg/L
194,Clitoria_ternatea,3,Fenoles,60,1_10,Agua75_ETA25,180,1.236,1.335,1.395,1.398521428,1.51287975,1.582187825,1.497863001,mg/L
195,Clitoria_ternatea,3,Fenoles,60,1_10,Agua75_ETA25,210,1.001,1.247,1.083,1.127064803,1.411227908,1.221785838,1.253359516,mg/L
196,Clitoria_ternatea,3,Fenoles,60,1_10,Agua75_ETA25,240,1.127,1.106,1.22,1.272611759,1.248353933,1.380039275,1.300334989,mg/L
197,Clitoria_ternatea,3,Fenoles,60,1_10,Agua75_ETA25,270,1.208,1.24,1.201,1.36617766,1.403141966,1.358091718,1.375803781,mg/L
198,Clitoria_ternatea,3,Fenoles,60,1_10,Agua75_ETA25,300,1.118,1.223,1.183,1.262215548,1.383504678,1.337299295,1.327673174,mg/L
199,Clitoria_ternatea,4,Fenoles,75,1_10,Agua75_ETA25,15,0.402,0.466,0.422,0.435139194,0.509067806,0.458241885,0.467482962,mg/L
200,Clitoria_ternatea,4,Fenoles,75,1_10,Agua75_ETA25,30,0.389,0.416,0.471,0.420122444,0.451311078,0.514843479,0.462092334,mg/L
201,Clitoria_ternatea,4,Fenoles,75,1_10,Agua75_ETA25,60,0.382,0.397,0.518,0.412036502,0.429363521,0.569134804,0.470178276,mg/L
202,Clitoria_ternatea,4,Fenoles,75,1_10,Agua75_ETA25,90,0.415,0.458,0.469,0.450155943,0.49982673,0.51253321,0.487505294,mg/L
203,Clitoria_ternatea,4,Fenoles,75,1_10,Agua75_ETA25,120,0.336,0.383,0.527,0.358900312,0.413191637,0.579531015,0.450540988,mg/L
204,Clitoria_ternatea,4,Fenoles,75,1_10,Agua75_ETA25,150,0.361,0.449,0.439,0.387778676,0.489430519,0.477879173,0.451696123,mg/L
205,Clitoria_ternatea,4,Fenoles,75,1_10,Agua75_ETA25,180,0.415,0.458,0.469,0.450155943,0.49982673,0.51253321,0.487505294,mg/L
206,Clitoria_ternatea,4,Fenoles,75,1_10,Agua75_ETA25,210,0.336,0.383,0.527,0.358900312,0.413191637,0.579531015,0.450540988,mg/L
207,Clitoria_ternatea,4,Fenoles,75,1_10,Agua75_ETA25,240,0.385,0.334,0.343,0.415501906,0.356590043,0.366986254,0.379692734,mg/L
208,Clitoria_ternatea,4,Fenoles,75,1_10,Agua75_ETA25,270,0.387,0.357,0.345,0.417812175,0.383158138,0.369296523,0.390088945,mg/L
209,Clitoria_ternatea,4,Fenoles,75,1_10,Agua75_ETA25,300,0.338,0.401,0.301,0.361210581,0.433984059,0.318470602,0.371221747,mg/L
210,Clitoria_ternatea,5,Fenoles,60,1_20,Agua50_ETA50,15,0.527,0.486,0.453,0.579531015,0.532170498,0.494051057,0.535250857,mg/L
211,Clitoria_ternatea,5,Fenoles,60,1_20,Agua50_ETA50,30,0.559,0.564,0.631,0.616495322,0.622270995,0.699665011,0.646143776,mg/L
212,Clitoria_ternatea,5,Fenoles,60,1_20,Agua50_ETA50,60,0.535,0.548,0.581,0.588772092,0.603788841,0.641908282,0.611489739,mg/L
213,Clitoria_ternatea,5,Fenoles,60,1_20,Agua50_ETA50,90,0.548,0.528,0.617,0.603788841,0.58068615,0.683493127,0.622656039,mg/L
214,Clitoria_ternatea,5,Fenoles,60,1_20,Agua50_ETA50,120,0.664,0.559,0.606,0.737784452,0.616495322,0.670786647,0.67502214,mg/L
215,Clitoria_ternatea,5,Fenoles,60,1_20,Agua50_ETA50,150,0.558,0.862,0.609,0.615340187,0.966501097,0.67425205,0.752031112,mg/L
216,Clitoria_ternatea,5,Fenoles,60,1_20,Agua50_ETA50,180,0.755,0.537,0.584,0.842901698,0.591082361,0.645373686,0.693119248,mg/L
217,Clitoria_ternatea,5,Fenoles,60,1_20,Agua50_ETA50,210,0.564,0.649,0.584,0.622270995,0.720457433,0.645373686,0.662700705,mg/L
218,Clitoria_ternatea,5,Fenoles,60,1_20,Agua50_ETA50,240,0.549,0.581,0.55,0.604943976,0.641908282,0.606099111,0.617650456,mg/L
219,Clitoria_ternatea,5,Fenoles,60,1_20,Agua50_ETA50,270,0.555,0.632,0.694,0.611874783,0.700820146,0.772438489,0.695044473,mg/L
220,Clitoria_ternatea,5,Fenoles,60,1_20,Agua50_ETA50,300,0.615,0.659,0.645,0.681182858,0.732008779,0.715836895,0.709676177,mg/L
221,Clitoria_ternatea,6,Fenoles,75,1_20,Agua50_ETA50,15,0.647,0.634,0.664,0.718147164,0.703130415,0.737784452,0.719687344,mg/L
222,Clitoria_ternatea,6,Fenoles,75,1_20,Agua50_ETA50,30,0.698,0.711,0.723,0.777059027,0.792075777,0.805937392,0.791690732,mg/L
223,Clitoria_ternatea,6,Fenoles,75,1_20,Agua50_ETA50,60,0.592,0.697,0.794,0.654614763,0.775903893,0.887951946,0.772823534,mg/L
224,Clitoria_ternatea,6,Fenoles,75,1_20,Agua50_ETA50,90,0.669,0.755,0.828,0.743560125,0.842901698,0.927226522,0.837896115,mg/L
225,Clitoria_ternatea,6,Fenoles,75,1_20,Agua50_ETA50,120,0.651,0.683,0.766,0.722767702,0.759732009,0.855608178,0.779369297,mg/L
226,Clitoria_ternatea,6,Fenoles,75,1_20,Agua50_ETA50,150,0.709,0.648,1.088,0.789765508,0.719302299,1.227561511,0.912209772,mg/L
227,Clitoria_ternatea,6,Fenoles,75,1_20,Agua50_ETA50,180,0.679,0.721,1.009,0.75511147,0.803627123,1.13630588,0.898348158,mg/L
228,Clitoria_ternatea,6,Fenoles,75,1_20,Agua50_ETA50,210,0.881,0.906,1.015,0.988448654,1.017327019,1.143236687,1.049670787,mg/L
229,Clitoria_ternatea,6,Fenoles,75,1_20,Agua50_ETA50,240,0.773,0.769,0.925,0.86369412,0.859073582,1.039274575,0.920680759,mg/L
230,Clitoria_ternatea,6,Fenoles,75,1_20,Agua50_ETA50,270,0.848,0.847,0.959,0.950329213,0.949174079,1.078549151,0.992684148,mg/L
231,Clitoria_ternatea,6,Fenoles,75,1_20,Agua50_ETA50,300,0.883,0.875,0.838,0.990758923,0.981517847,0.938777868,0.970351546,mg/L
232,Clitoria_ternatea,7,Fenoles,60,1_20,Agua100,15,0.24,0.207,0.258,0.248007393,0.209887952,0.268799815,0.24223172,mg/L
233,Clitoria_ternatea,7,Fenoles,60,1_20,Agua100,30,0.46,0.283,0.317,0.502136999,0.29767818,0.336952755,0.378922644,mg/L
234,Clitoria_ternatea,7,Fenoles,60,1_20,Agua100,60,0.33,0.373,0.358,0.351969504,0.401640291,0.384313272,0.379307689,mg/L
235,Clitoria_ternatea,7,Fenoles,60,1_20,Agua100,90,0.427,0.428,0.416,0.464017558,0.465172693,0.451311078,0.460167109,mg/L
236,Clitoria_ternatea,7,Fenoles,60,1_20,Agua100,120,0.49,0.456,0.468,0.536791036,0.497516461,0.511378076,0.515228524,mg/L
237,Clitoria_ternatea,7,Fenoles,60,1_20,Agua100,150,0.495,0.553,0.527,0.542566709,0.609564514,0.579531015,0.577220746,mg/L
238,Clitoria_ternatea,7,Fenoles,60,1_20,Agua100,180,0.579,0.587,0.527,0.639598013,0.64883909,0.579531015,0.622656039,mg/L
239,Clitoria_ternatea,7,Fenoles,60,1_20,Agua100,210,0.574,0.66,0.73,0.63382234,0.733163914,0.814023334,0.727003196,mg/L
240,Clitoria_ternatea,7,Fenoles,60,1_20,Agua100,240,0.66,0.624,0.694,0.733163914,0.691579069,0.772438489,0.732393824,mg/L
241,Clitoria_ternatea,7,Fenoles,60,1_20,Agua100,270,0.527,0.721,0.516,0.579531015,0.803627123,0.566824535,0.649994224,mg/L
242,Clitoria_ternatea,7,Fenoles,60,1_20,Agua100,300,0.351,0.223,0.277,0.37622733,0.228370105,0.290747372,0.298448269,mg/L
243,Clitoria_ternatea,8,Fenoles,75,1_20,Agua100,15,0.609,0.618,0.591,0.67425205,0.684648262,0.653459628,0.670786647,mg/L
244,Clitoria_ternatea,8,Fenoles,75,1_20,Agua100,30,0.662,0.627,0.575,0.735474183,0.695044473,0.634977475,0.68849871,mg/L
245,Clitoria_ternatea,8,Fenoles,75,1_20,Agua100,60,0.606,0.7,0.678,0.670786647,0.779369297,0.753956336,0.734704093,mg/L
246,Clitoria_ternatea,8,Fenoles,75,1_20,Agua100,90,0.596,0.721,0.618,0.659235301,0.803627123,0.684648262,0.715836895,mg/L
247,Clitoria_ternatea,8,Fenoles,75,1_20,Agua100,120,0.609,0.614,0.59,0.67425205,0.680027723,0.652304493,0.668861422,mg/L
248,Clitoria_ternatea,8,Fenoles,75,1_20,Agua100,150,0.615,0.703,0.699,0.681182858,0.7828347,0.778214162,0.747410573,mg/L
249,Clitoria_ternatea,8,Fenoles,75,1_20,Agua100,180,0.607,0.673,0.651,0.671941781,0.748180663,0.722767702,0.714296716,mg/L
250,Clitoria_ternatea,8,Fenoles,75,1_20,Agua100,210,0.681,0.615,0.579,0.75742174,0.681182858,0.639598013,0.692734204,mg/L
251,Clitoria_ternatea,8,Fenoles,75,1_20,Agua100,240,0.543,0.649,0.576,0.598013169,0.720457433,0.636132609,0.651534404,mg/L
252,Clitoria_ternatea,8,Fenoles,75,1_20,Agua100,270,0.672,0.672,0.574,0.747025528,0.747025528,0.63382234,0.709291132,mg/L
253,Clitoria_ternatea,8,Fenoles,75,1_20,Agua100,300,0.586,0.646,0.529,0.647683955,0.71699203,0.581841285,0.64883909,mg/L
254,Clitoria_ternatea,9,Fenoles,67.5,1_30,Agua50_ETA50,15,0.39,0.479,0.427,0.421277579,0.524084556,0.464017558,0.469793231,mg/L
255,Clitoria_ternatea,9,Fenoles,67.5,1_30,Agua50_ETA50,30,0.419,0.468,0.456,0.454776481,0.511378076,0.497516461,0.487890339,mg/L
256,Clitoria_ternatea,9,Fenoles,67.5,1_30,Agua50_ETA50,60,0.462,0.5,0.497,0.504447268,0.548342382,0.544876978,0.532555543,mg/L
257,Clitoria_ternatea,9,Fenoles,67.5,1_30,Agua50_ETA50,90,0.44,0.447,0.47,0.479034307,0.48712025,0.513688345,0.493280967,mg/L
258,Clitoria_ternatea,9,Fenoles,67.5,1_30,Agua50_ETA50,120,0.4,0.444,0.448,0.432828925,0.483654846,0.488275384,0.468253051,mg/L
259,Clitoria_ternatea,9,Fenoles,67.5,1_30,Agua50_ETA50,150,0.395,0.424,0.45,0.427053252,0.460552154,0.490585653,0.45939702,mg/L
260,Clitoria_ternatea,9,Fenoles,67.5,1_30,Agua50_ETA50,180,0.411,0.444,0.433,0.445535405,0.483654846,0.470948365,0.466712872,mg/L
261,Clitoria_ternatea,9,Fenoles,67.5,1_30,Agua50_ETA50,210,0.359,0.444,0.498,0.385468407,0.483654846,0.546032113,0.471718455,mg/L
262,Clitoria_ternatea,9,Fenoles,67.5,1_30,Agua50_ETA50,240,0.448,0.454,0.551,0.488275384,0.495206192,0.607254245,0.530245274,mg/L
263,Clitoria_ternatea,9,Fenoles,67.5,1_30,Agua50_ETA50,270,0.383,0.452,0.47,0.413191637,0.492895922,0.513688345,0.473258635,mg/L
264,Clitoria_ternatea,9,Fenoles,67.5,1_30,Agua50_ETA50,300,0.661,0.433,0.472,0.734319048,0.470948365,0.515998614,0.573755342,mg/L
265,Clitoria_ternatea,10,Fenoles,67.5,1_10,Agua50_ETA50,15,0.275,0.306,0.216,0.288437103,0.324246275,0.220284163,0.277655847,mg/L
266,Clitoria_ternatea,10,Fenoles,67.5,1_10,Agua50_ETA50,30,0.387,0.418,0.418,0.417812175,0.453621347,0.453621347,0.441684956,mg/L
267,Clitoria_ternatea,10,Fenoles,67.5,1_10,Agua50_ETA50,60,0.555,0.442,0.592,0.611874783,0.481344577,0.654614763,0.582611374,mg/L
268,Clitoria_ternatea,10,Fenoles,67.5,1_10,Agua50_ETA50,90,0.551,0.587,0.54,0.607254245,0.64883909,0.594547765,0.616880367,mg/L
269,Clitoria_ternatea,10,Fenoles,67.5,1_10,Agua50_ETA50,120,0.35,0.357,0.361,0.375072196,0.383158138,0.387778676,0.382003003,mg/L
270,Clitoria_ternatea,10,Fenoles,67.5,1_10,Agua50_ETA50,150,0.339,0.367,0.359,0.362365716,0.394709484,0.385468407,0.380847869,mg/L
271,Clitoria_ternatea,10,Fenoles,67.5,1_10,Agua50_ETA50,180,0.275,0.306,0.216,0.288437103,0.324246275,0.220284163,0.277655847,mg/L
272,Clitoria_ternatea,10,Fenoles,67.5,1_10,Agua50_ETA50,210,0.387,0.418,0.418,0.417812175,0.453621347,0.453621347,0.441684956,mg/L
273,Clitoria_ternatea,10,Fenoles,67.5,1_10,Agua50_ETA50,240,0.555,0.442,0.592,0.611874783,0.481344577,0.654614763,0.582611374,mg/L
274,Clitoria_ternatea,10,Fenoles,67.5,1_10,Agua50_ETA50,270,0.551,0.587,0.54,0.607254245,0.64883909,0.594547765,0.616880367,mg/L
275,Clitoria_ternatea,10,Fenoles,67.5,1_10,Agua50_ETA50,300,0.381,0.355,0.363,0.410881368,0.380847869,0.390088945,0.393939394,mg/L
276,Clitoria_ternatea,11,Fenoles,67.5,1_30,Agua100,15,0.066,0.047,0.053,0.047013977,0.02506642,0.031997228,0.034692542,mg/L
277,Clitoria_ternatea,11,Fenoles,67.5,1_30,Agua100,30,0.054,0.07,0.078,0.033152362,0.051634515,0.060875592,0.048554157,mg/L
278,Clitoria_ternatea,11,Fenoles,67.5,1_30,Agua100,60,0.1,0.094,0.12,0.086288553,0.079357745,0.109391244,0.091679181,mg/L
279,Clitoria_ternatea,11,Fenoles,67.5,1_30,Agua100,90,0.117,0.115,0.105,0.10592584,0.103615571,0.092064225,0.100535212,mg/L
280,Clitoria_ternatea,11,Fenoles,67.5,1_30,Agua100,120,0.128,0.106,0.112,0.118632321,0.09321936,0.100150167,0.104000616,mg/L
281,Clitoria_ternatea,11,Fenoles,67.5,1_30,Agua100,150,0.125,0.11,0.129,0.115166917,0.097839898,0.119787455,0.110931424,mg/L
282,Clitoria_ternatea,11,Fenoles,67.5,1_30,Agua100,180,0.128,0.112,0.115,0.118632321,0.100150167,0.103615571,0.10746602,mg/L
283,Clitoria_ternatea,11,Fenoles,67.5,1_30,Agua100,210,0.113,0.113,0.098,0.101305302,0.101305302,0.083978283,0.095529629,mg/L
284,Clitoria_ternatea,11,Fenoles,67.5,1_30,Agua100,240,0.143,0.106,0.127,0.135959339,0.09321936,0.117477186,0.115551962,mg/L
285,Clitoria_ternatea,11,Fenoles,67.5,1_30,Agua100,270,0.128,0.112,0.129,0.118632321,0.100150167,0.119787455,0.112856648,mg/L
286,Clitoria_ternatea,11,Fenoles,67.5,1_30,Agua100,300,0.14,0.113,0.129,0.132493936,0.101305302,0.119787455,0.117862231,mg/L
287,Clitoria_ternatea,12,Fenoles,67.5,1_10,Agua100,15,0.582,1.042,0.78,0.643063417,1.174425321,0.871780062,0.896422933,mg/L
288,Clitoria_ternatea,12,Fenoles,67.5,1_10,Agua100,30,0.912,0.921,1.034,1.024257826,1.034654037,1.165184244,1.074698702,mg/L
289,Clitoria_ternatea,12,Fenoles,67.5,1_10,Agua100,60,1.03,1.086,1.123,1.160563706,1.225251242,1.267991221,1.217935389,mg/L
290,Clitoria_ternatea,12,Fenoles,67.5,1_10,Agua100,90,1.022,1.059,1.079,1.151322629,1.194062608,1.2171653,1.187516846,mg/L
291,Clitoria_ternatea,12,Fenoles,67.5,1_10,Agua100,120,1.066,1.127,1.005,1.20214855,1.272611759,1.131685341,1.20214855,mg/L
292,Clitoria_ternatea,12,Fenoles,67.5,1_10,Agua100,150,1.086,1.121,1.102,1.225251242,1.265680952,1.243733395,1.24488853,mg/L
293,Clitoria_ternatea,12,Fenoles,67.5,1_10,Agua100,180,1.091,1.11,1.029,1.231026915,1.252974472,1.159408571,1.214469986,mg/L
294,Clitoria_ternatea,12,Fenoles,67.5,1_10,Agua100,210,1.011,1.039,1.069,1.138616149,1.170959917,1.205613954,1.171730007,mg/L
295,Clitoria_ternatea,12,Fenoles,67.5,1_10,Agua100,240,1.093,1.057,1.073,1.233337184,1.191752339,1.210234492,1.211774672,mg/L
296,Clitoria_ternatea,12,Fenoles,67.5,1_10,Agua100,270,1.113,1.06,1.055,1.256439875,1.195217743,1.18944207,1.213699896,mg/L
297,Clitoria_ternatea,12,Fenoles,67.5,1_10,Agua100,300,0.828,1.1,1.075,0.927226522,1.241423126,1.212544761,1.127064803,mg/L
298,Clitoria_ternatea,13,Fenoles,67.5,1_20,Agua75_ETA25,15,0.421,0.515,0.564,0.457086751,0.5656694,0.622270995,0.548342382,mg/L
299,Clitoria_ternatea,13,Fenoles,67.5,1_20,Agua75_ETA25,30,0.495,0.566,0.667,0.542566709,0.624581264,0.741249856,0.636132609,mg/L
300,Clitoria_ternatea,13,Fenoles,67.5,1_20,Agua75_ETA25,60,0.598,0.634,0.622,0.66154557,0.703130415,0.6892688,0.684648262,mg/L
301,Clitoria_ternatea,13,Fenoles,67.5,1_20,Agua75_ETA25,90,0.548,0.607,0.595,0.603788841,0.671941781,0.658080166,0.644603596,mg/L
302,Clitoria_ternatea,13,Fenoles,67.5,1_20,Agua75_ETA25,120,0.602,0.644,0.62,0.666166108,0.71468176,0.686958531,0.6892688,mg/L
303,Clitoria_ternatea,13,Fenoles,67.5,1_20,Agua75_ETA25,150,0.558,0.648,0.597,0.615340187,0.719302299,0.660390435,0.665010974,mg/L
304,Clitoria_ternatea,13,Fenoles,67.5,1_20,Agua75_ETA25,180,0.562,0.603,0.576,0.619960725,0.667321243,0.636132609,0.641138193,mg/L
305,Clitoria_ternatea,13,Fenoles,67.5,1_20,Agua75_ETA25,210,0.624,0.537,0.625,0.691579069,0.591082361,0.692734204,0.658465211,mg/L
306,Clitoria_ternatea,13,Fenoles,67.5,1_20,Agua75_ETA25,240,0.616,0.613,0.588,0.682337992,0.678872589,0.649994224,0.670401602,mg/L
307,Clitoria_ternatea,13,Fenoles,67.5,1_20,Agua75_ETA25,270,0.557,0.634,0.635,0.614185053,0.703130415,0.704285549,0.673867006,mg/L
308,Clitoria_ternatea,13,Fenoles,67.5,1_20,Agua75_ETA25,300,0.563,0.578,0.594,0.62111586,0.638442879,0.656925032,0.638827923,mg/L
309,Clitoria_ternatea,14,Fenoles,67.5,1_20,Agua75_ETA25,15,0.484,0.527,0.526,0.529860229,0.579531015,0.578375881,0.562589042,mg/L
310,Clitoria_ternatea,14,Fenoles,67.5,1_20,Agua75_ETA25,30,0.628,0.738,0.629,0.696199607,0.82326441,0.697354742,0.738939586,mg/L
311,Clitoria_ternatea,14,Fenoles,67.5,1_20,Agua75_ETA25,60,0.566,0.799,0.781,0.624581264,0.893727619,0.872935197,0.79708136,mg/L
312,Clitoria_ternatea,14,Fenoles,67.5,1_20,Agua75_ETA25,90,0.699,0.821,0.608,0.778214162,0.91914058,0.673096916,0.790150553,mg/L
313,Clitoria_ternatea,14,Fenoles,67.5,1_20,Agua75_ETA25,120,0.587,0.678,0.724,0.64883909,0.753956336,0.807092526,0.736629317,mg/L
314,Clitoria_ternatea,14,Fenoles,67.5,1_20,Agua75_ETA25,150,0.566,0.668,0.695,0.624581264,0.74240499,0.773593624,0.713526626,mg/L
315,Clitoria_ternatea,14,Fenoles,67.5,1_20,Agua75_ETA25,180,0.574,0.599,0.653,0.63382234,0.662700705,0.725077972,0.673867006,mg/L
316,Clitoria_ternatea,14,Fenoles,67.5,1_20,Agua75_ETA25,210,0.591,0.572,0.664,0.653459628,0.631512071,0.737784452,0.67425205,mg/L
317,Clitoria_ternatea,14,Fenoles,67.5,1_20,Agua75_ETA25,240,0.607,0.645,0.792,0.671941781,0.715836895,0.885641677,0.757806784,mg/L
318,Clitoria_ternatea,14,Fenoles,67.5,1_20,Agua75_ETA25,270,0.618,0.724,0.736,0.684648262,0.807092526,0.820954141,0.77089831,mg/L
319,Clitoria_ternatea,14,Fenoles,67.5,1_20,Agua75_ETA25,300,0.002,0.005,0.003,-0.026914636,-0.023449232,-0.025759501,-0.025374456,mg/L
320,Clitoria_ternatea,15,Fenoles,67.5,1_20,Agua75_ETA25,15,0.667,0.542,0.548,0.741249856,0.596858034,0.603788841,0.64729891,mg/L
321,Clitoria_ternatea,15,Fenoles,67.5,1_20,Agua75_ETA25,30,0.612,0.564,0.664,0.677717454,0.622270995,0.737784452,0.679257634,mg/L
322,Clitoria_ternatea,15,Fenoles,67.5,1_20,Agua75_ETA25,60,0.616,0.62,0.664,0.682337992,0.686958531,0.737784452,0.702360325,mg/L
323,Clitoria_ternatea,15,Fenoles,67.5,1_20,Agua75_ETA25,90,0.664,0.633,0.687,0.737784452,0.70197528,0.764352547,0.734704093,mg/L
324,Clitoria_ternatea,15,Fenoles,67.5,1_20,Agua75_ETA25,120,0.698,0.605,0.698,0.777059027,0.669631512,0.777059027,0.741249856,mg/L
325,Clitoria_ternatea,15,Fenoles,67.5,1_20,Agua75_ETA25,150,0.661,0.644,0.651,0.734319048,0.71468176,0.722767702,0.723922837,mg/L
326,Clitoria_ternatea,15,Fenoles,67.5,1_20,Agua75_ETA25,180,0.657,0.622,0.619,0.72969851,0.6892688,0.685803396,0.701590235,mg/L
327,Clitoria_ternatea,15,Fenoles,67.5,1_20,Agua75_ETA25,210,0.699,0.69,0.657,0.778214162,0.767817951,0.72969851,0.758576874,mg/L
328,Clitoria_ternatea,15,Fenoles,67.5,1_20,Agua75_ETA25,240,0.673,0.617,0.631,0.748180663,0.683493127,0.699665011,0.710446267,mg/L
329,Clitoria_ternatea,15,Fenoles,67.5,1_20,Agua75_ETA25,270,0.688,0.62,0.609,0.765507682,0.686958531,0.67425205,0.708906088,mg/L
330,Clitoria_ternatea,15,Fenoles,67.5,1_20,Agua75_ETA25,300,0.614,0.649,0.619,0.680027723,0.720457433,0.685803396,0.695429518,mg/L
331,Clitoria_ternatea,1,Flavonoides (ABTS),60,1_30,Agua75_ETA25,15,0.804,0.833,0.806,19.94689678,17.05940923,19.74775971,18.91802191,% INH
332,Clitoria_ternatea,1,Flavonoides (ABTS),60,1_30,Agua75_ETA25,30,0.838,0.876,0.872,16.56156654,12.77796216,13.17623631,14.17192167,% INH
333,Clitoria_ternatea,1,Flavonoides (ABTS),60,1_30,Agua75_ETA25,60,0.875,0.903,0.873,12.8775307,10.08961168,13.07666777,12.01460339,% INH
334,Clitoria_ternatea,1,Flavonoides (ABTS),60,1_30,Agua75_ETA25,90,0.906,0.907,0.931,9.790906074,9.691337537,7.301692665,8.927978759,% INH
335,Clitoria_ternatea,1,Flavonoides (ABTS),60,1_30,Agua75_ETA25,120,0.877,0.915,0.924,12.67839363,8.894789247,7.99867242,9.857285098,% INH
336,Clitoria_ternatea,1,Flavonoides (ABTS),60,1_30,Agua75_ETA25,150,0.797,0.689,0.909,20.64387654,31.39727846,9.492200465,20.51111849,% INH
337,Clitoria_ternatea,1,Flavonoides (ABTS),60,1_30,Agua75_ETA25,180,0.877,0.892,0.923,12.67839363,11.18486558,8.098240956,10.65383339,% INH
338,Clitoria_ternatea,1,Flavonoides (ABTS),60,1_30,Agua75_ETA25,210,0.886,0.891,0.877,11.7822768,11.28443412,12.67839363,11.91503485,% INH
339,Clitoria_ternatea,1,Flavonoides (ABTS),60,1_30,Agua75_ETA25,240,0.885,0.892,0.963,11.88184534,11.18486558,4.115499502,9.060736807,% INH
340,Clitoria_ternatea,1,Flavonoides (ABTS),60,1_30,Agua75_ETA25,270,0.914,0.85,0.846,8.994357783,15.36674411,15.76501825,13.37537338,% INH
341,Clitoria_ternatea,1,Flavonoides (ABTS),60,1_30,Agua75_ETA25,300,0.85,0.856,0.848,15.36674411,14.76933289,15.56588118,15.23398606,% INH
342,Clitoria_ternatea,2,Flavonoides (ABTS),75,1_30,Agua75_ETA25,15,0.887,0.911,0.877,11.68270826,9.293063392,12.67839363,11.21805509,% INH
343,Clitoria_ternatea,2,Flavonoides (ABTS),75,1_30,Agua75_ETA25,30,0.765,0.776,0.73,23.8300697,22.7348158,27.31496847,24.62661799,% INH
344,Clitoria_ternatea,2,Flavonoides (ABTS),75,1_30,Agua75_ETA25,60,0.861,0.861,0.617,14.27149021,14.27149021,38.56621308,22.36973116,% INH
345,Clitoria_ternatea,2,Flavonoides (ABTS),75,1_30,Agua75_ETA25,90,0.856,0.846,0.845,14.76933289,15.76501825,15.86458679,15.46631265,% INH
346,Clitoria_ternatea,2,Flavonoides (ABTS),75,1_30,Agua75_ETA25,120,0.852,0.837,0.826,15.16760704,16.66113508,17.75638898,16.52837703,% INH
347,Clitoria_ternatea,2,Flavonoides (ABTS),75,1_30,Agua75_ETA25,150,0.806,0.846,0.819,19.74775971,15.76501825,18.45336874,17.98871557,% INH
348,Clitoria_ternatea,2,Flavonoides (ABTS),75,1_30,Agua75_ETA25,180,0.885,0.522,0.673,11.88184534,48.02522403,32.99037504,30.9658148,% INH
349,Clitoria_ternatea,2,Flavonoides (ABTS),75,1_30,Agua75_ETA25,210,0.831,0.807,0.846,17.2585463,19.64819117,15.76501825,17.55725191,% INH
350,Clitoria_ternatea,2,Flavonoides (ABTS),75,1_30,Agua75_ETA25,240,0.851,0.868,0.844,15.26717557,13.57451045,15.96415533,14.93528045,% INH
351,Clitoria_ternatea,2,Flavonoides (ABTS),75,1_30,Agua75_ETA25,270,0.859,0.872,0.844,14.47062728,13.17623631,15.96415533,14.53700631,% INH
352,Clitoria_ternatea,2,Flavonoides (ABTS),75,1_30,Agua75_ETA25,300,0.833,0.852,0.83,17.05940923,15.16760704,17.35811484,16.52837703,% INH
353,Clitoria_ternatea,3,Flavonoides (ABTS),60,1_10,Agua75_ETA25,15,0.686,0.705,0.691,28.98550725,27.01863354,28.4679089,28.1573499,% INH
354,Clitoria_ternatea,3,Flavonoides (ABTS),60,1_10,Agua75_ETA25,30,0.922,0.867,0.589,4.554865424,10.2484472,39.02691511,17.94340925,% INH
355,Clitoria_ternatea,3,Flavonoides (ABTS),60,1_10,Agua75_ETA25,60,0.746,0.685,0.688,22.77432712,29.08902692,28.77846791,26.88060732,% INH
356,Clitoria_ternatea,3,Flavonoides (ABTS),60,1_10,Agua75_ETA25,90,0.693,0.677,0.666,28.26086957,29.91718427,31.05590062,29.74465148,% INH
357,Clitoria_ternatea,3,Flavonoides (ABTS),60,1_10,Agua75_ETA25,120,0.665,0.671,0.675,31.15942029,30.53830228,30.1242236,30.60731539,% INH
358,Clitoria_ternatea,3,Flavonoides (ABTS),60,1_10,Agua75_ETA25,150,0.658,0.687,0.686,31.88405797,28.88198758,28.98550725,29.91718427,% INH
359,Clitoria_ternatea,3,Flavonoides (ABTS),60,1_10,Agua75_ETA25,180,0.662,0.743,0.662,31.4699793,23.08488613,31.4699793,28.67494824,% INH
360,Clitoria_ternatea,3,Flavonoides (ABTS),60,1_10,Agua75_ETA25,210,0.648,0.728,0.746,32.91925466,24.63768116,22.77432712,26.77708765,% INH
361,Clitoria_ternatea,3,Flavonoides (ABTS),60,1_10,Agua75_ETA25,240,0.724,0.726,0.722,25.05175983,24.8447205,25.25879917,25.05175983,% INH
362,Clitoria_ternatea,3,Flavonoides (ABTS),60,1_10,Agua75_ETA25,270,0.646,0.706,0.705,33.126294,26.91511387,27.01863354,29.0200138,% INH
363,Clitoria_ternatea,3,Flavonoides (ABTS),60,1_10,Agua75_ETA25,300,0.524,0.622,0.636,45.75569358,35.61076605,34.16149068,38.50931677,% INH
364,Clitoria_ternatea,4,Flavonoides (ABTS),75,1_10,Agua75_ETA25,15,0.592,0.512,0.588,38.71635611,46.99792961,39.13043478,41.61490683,% INH
365,Clitoria_ternatea,4,Flavonoides (ABTS),75,1_10,Agua75_ETA25,30,0.677,0.686,0.523,29.91718427,28.98550725,45.85921325,34.92063492,% INH
366,Clitoria_ternatea,4,Flavonoides (ABTS),75,1_10,Agua75_ETA25,60,0.624,0.487,0.566,35.40372671,49.58592133,41.40786749,42.13250518,% INH
367,Clitoria_ternatea,4,Flavonoides (ABTS),75,1_10,Agua75_ETA25,90,0.471,0.502,0.466,51.24223602,48.03312629,51.75983437,50.34506556,% INH
368,Clitoria_ternatea,4,Flavonoides (ABTS),75,1_10,Agua75_ETA25,120,0.65,0.618,0.535,32.71221532,36.02484472,44.61697723,37.78467909,% INH
369,Clitoria_ternatea,4,Flavonoides (ABTS),75,1_10,Agua75_ETA25,150,0.573,0.528,0.442,40.68322981,45.34161491,54.24430642,46.75638371,% INH
370,Clitoria_ternatea,4,Flavonoides (ABTS),75,1_10,Agua75_ETA25,180,0.514,0.532,0.697,46.79089027,44.92753623,27.84679089,39.85507246,% INH
371,Clitoria_ternatea,4,Flavonoides (ABTS),75,1_10,Agua75_ETA25,210,0.824,0.352,0.614,14.69979296,63.5610766,36.4389234,38.23326432,% INH
372,Clitoria_ternatea,4,Flavonoides (ABTS),75,1_10,Agua75_ETA25,240,0.498,0.56,0.715,48.44720497,42.02898551,25.98343685,38.81987578,% INH
373,Clitoria_ternatea,4,Flavonoides (ABTS),75,1_10,Agua75_ETA25,270,0.553,0.53,0.683,42.75362319,45.13457557,29.29606625,39.06142167,% INH
374,Clitoria_ternatea,4,Flavonoides (ABTS),75,1_10,Agua75_ETA25,300,0.728,0.732,0.515,24.63768116,24.22360248,46.6873706,31.84955141,% INH
375,Clitoria_ternatea,5,Flavonoides (ABTS),60,1_20,Agua50_ETA50,15,0.895,0.83,0.839,8.267851042,14.92996242,14.00751623,12.40177656,% INH
376,Clitoria_ternatea,5,Flavonoides (ABTS),60,1_20,Agua50_ETA50,30,0.817,0.802,0.856,16.26238469,17.79979501,12.26511787,15.44243252,% INH
377,Clitoria_ternatea,5,Flavonoides (ABTS),60,1_20,Agua50_ETA50,60,0.671,0.787,0.793,31.22651179,19.33720533,18.7222412,23.09531944,% INH
378,Clitoria_ternatea,5,Flavonoides (ABTS),60,1_20,Agua50_ETA50,90,0.807,0.782,0.776,17.28732491,19.84967544,20.46463956,19.20054663,% INH
379,Clitoria_ternatea,5,Flavonoides (ABTS),60,1_20,Agua50_ETA50,120,0.779,0.811,0.774,20.1571575,16.87734882,20.66962761,19.23471131,% INH
380,Clitoria_ternatea,5,Flavonoides (ABTS),60,1_20,Agua50_ETA50,150,0.804,0.706,0.789,17.59480697,27.63922105,19.13221729,21.4554151,% INH
381,Clitoria_ternatea,5,Flavonoides (ABTS),60,1_20,Agua50_ETA50,180,0.737,0.811,0.81,24.46190639,16.87734882,16.97984284,19.43969935,% INH
382,Clitoria_ternatea,5,Flavonoides (ABTS),60,1_20,Agua50_ETA50,210,0.832,0.817,0.816,14.72497438,16.26238469,16.36487872,15.78407926,% INH
383,Clitoria_ternatea,5,Flavonoides (ABTS),60,1_20,Agua50_ETA50,240,0.801,0.795,0.766,17.90228903,18.51725316,21.48957977,19.30304066,% INH
384,Clitoria_ternatea,5,Flavonoides (ABTS),60,1_20,Agua50_ETA50,270,0.705,0.706,0.73,27.74171507,27.63922105,25.17936454,26.85343355,% INH
385,Clitoria_ternatea,5,Flavonoides (ABTS),60,1_20,Agua50_ETA50,300,0.745,0.795,0.817,23.64195422,18.51725316,16.26238469,19.47386402,% INH
386,Clitoria_ternatea,6,Flavonoides (ABTS),75,1_20,Agua50_ETA50,15,0.749,0.743,0.724,23.23197813,23.84694226,25.79432866,24.29108302,% INH
387,Clitoria_ternatea,6,Flavonoides (ABTS),75,1_20,Agua50_ETA50,30,0.773,0.746,0.728,20.77212163,23.5394602,25.38435258,23.23197813,% INH
388,Clitoria_ternatea,6,Flavonoides (ABTS),75,1_20,Agua50_ETA50,60,0.766,0.708,0.679,21.48957977,27.434233,30.40655962,26.44345746,% INH
389,Clitoria_ternatea,6,Flavonoides (ABTS),75,1_20,Agua50_ETA50,90,0.723,0.714,0.676,25.89682269,26.81926888,30.71404168,27.81004441,% INH
390,Clitoria_ternatea,6,Flavonoides (ABTS),75,1_20,Agua50_ETA50,120,0.746,0.73,0.704,23.5394602,25.17936454,27.84420909,25.52101127,% INH
391,Clitoria_ternatea,6,Flavonoides (ABTS),75,1_20,Agua50_ETA50,150,0.732,0.683,0.72,24.97437649,29.99658353,26.20430475,27.05842159,% INH
392,Clitoria_ternatea,6,Flavonoides (ABTS),75,1_20,Agua50_ETA50,180,0.716,0.683,0.626,26.61428083,29.99658353,35.83874274,30.8165357,% INH
393,Clitoria_ternatea,6,Flavonoides (ABTS),75,1_20,Agua50_ETA50,210,0.656,0.574,0.614,32.7639221,41.16843184,37.06867099,37.00034165,% INH
394,Clitoria_ternatea,6,Flavonoides (ABTS),75,1_20,Agua50_ETA50,240,0.723,0.678,0.709,25.89682269,30.50905364,27.33173898,27.91253844,% INH
395,Clitoria_ternatea,6,Flavonoides (ABTS),75,1_20,Agua50_ETA50,270,0.711,0.705,0.644,27.12675094,27.74171507,33.99385036,29.62077212,% INH
396,Clitoria_ternatea,6,Flavonoides (ABTS),75,1_20,Agua50_ETA50,300,0.692,0.654,0.659,29.07413734,32.96891015,32.45644004,31.49982918,% INH
397,Clitoria_ternatea,7,Flavonoides (ABTS),60,1_20,Agua100,15,0.963,0.967,0.967,4.274353877,3.876739563,3.876739563,4.009277667,% INH
398,Clitoria_ternatea,7,Flavonoides (ABTS),60,1_20,Agua100,30,0.941,0.929,0.946,6.461232604,7.654075547,5.964214712,6.693174288,% INH
399,Clitoria_ternatea,7,Flavonoides (ABTS),60,1_20,Agua100,60,0.907,0.955,0.903,9.840954274,5.069582505,10.23856859,8.383035123,% INH
400,Clitoria_ternatea,7,Flavonoides (ABTS),60,1_20,Agua100,90,0.877,0.937,0.914,12.82306163,6.858846918,9.145129225,9.609012591,% INH
401,Clitoria_ternatea,7,Flavonoides (ABTS),60,1_20,Agua100,120,0.879,0.88,0.934,12.62425447,12.52485089,7.157057654,10.76872101,% INH
402,Clitoria_ternatea,7,Flavonoides (ABTS),60,1_20,Agua100,150,0.862,0.845,0.878,14.31411531,16.00397614,12.72365805,14.34724983,% INH
403,Clitoria_ternatea,7,Flavonoides (ABTS),60,1_20,Agua100,180,0.843,0.911,0.819,16.2027833,9.44333996,18.58846918,14.74486415,% INH
404,Clitoria_ternatea,7,Flavonoides (ABTS),60,1_20,Agua100,210,0.903,0.819,0.844,10.23856859,18.58846918,16.10337972,14.97680583,% INH
405,Clitoria_ternatea,7,Flavonoides (ABTS),60,1_20,Agua100,240,0.842,0.864,0.77,16.30218688,14.11530815,23.45924453,17.95891319,% INH
406,Clitoria_ternatea,7,Flavonoides (ABTS),60,1_20,Agua100,270,0.841,0.915,0.827,16.40159046,9.045725646,17.79324056,14.41351889,% INH
407,Clitoria_ternatea,7,Flavonoides (ABTS),60,1_20,Agua100,300,0.875,0.844,0.866,13.02186879,16.10337972,13.91650099,14.34724983,% INH
408,Clitoria_ternatea,8,Flavonoides (ABTS),75,1_20,Agua100,15,0.742,0.819,0.892,26.24254473,18.58846918,11.33200795,18.72100729,% INH
409,Clitoria_ternatea,8,Flavonoides (ABTS),75,1_20,Agua100,30,0.79,0.795,0.794,21.47117296,20.97415507,21.07355865,21.17296223,% INH
410,Clitoria_ternatea,8,Flavonoides (ABTS),75,1_20,Agua100,60,0.905,0.848,0.785,10.03976143,15.70576541,21.96819085,15.90457256,% INH
411,Clitoria_ternatea,8,Flavonoides (ABTS),75,1_20,Agua100,90,0.819,0.846,0.86,18.58846918,15.90457256,14.51292247,16.3353214,% INH
412,Clitoria_ternatea,8,Flavonoides (ABTS),75,1_20,Agua100,120,0.825,0.842,0.818,17.99204771,16.30218688,18.68787276,17.66070245,% INH
413,Clitoria_ternatea,8,Flavonoides (ABTS),75,1_20,Agua100,150,0.831,0.877,0.91,17.39562624,12.82306163,9.542743539,13.25381047,% INH
414,Clitoria_ternatea,8,Flavonoides (ABTS),75,1_20,Agua100,180,0.814,0.979,0.948,19.08548708,2.68389662,5.765407555,9.178263751,% INH
415,Clitoria_ternatea,8,Flavonoides (ABTS),75,1_20,Agua100,210,0.802,0.803,0.834,20.27833002,20.17892644,17.09741551,19.18489066,% INH
416,Clitoria_ternatea,8,Flavonoides (ABTS),75,1_20,Agua100,240,0.853,0.83,0.777,15.20874751,17.49502982,22.76341948,18.48906561,% INH
417,Clitoria_ternatea,8,Flavonoides (ABTS),75,1_20,Agua100,270,0.913,0.872,0.901,9.244532803,13.32007952,10.43737575,11.00066269,% INH
418,Clitoria_ternatea,8,Flavonoides (ABTS),75,1_20,Agua100,300,0.829,0.801,0.891,17.5944334,20.3777336,11.43141153,16.46785951,% INH
419,Clitoria_ternatea,9,Flavonoides (ABTS),67.5,1_30,Agua50_ETA50,15,0.907,0.894,0.9,15.75851393,16.96594427,16.40866873,16.37770898,% INH
420,Clitoria_ternatea,9,Flavonoides (ABTS),67.5,1_30,Agua50_ETA50,30,0.925,0.912,0.909,14.08668731,15.29411765,15.57275542,14.98452012,% INH
421,Clitoria_ternatea,9,Flavonoides (ABTS),67.5,1_30,Agua50_ETA50,60,0.904,0.877,0.892,16.0371517,18.54489164,17.15170279,17.24458204,% INH
422,Clitoria_ternatea,9,Flavonoides (ABTS),67.5,1_30,Agua50_ETA50,90,0.927,0.92,0.876,13.90092879,14.55108359,18.6377709,15.69659443,% INH
423,Clitoria_ternatea,9,Flavonoides (ABTS),67.5,1_30,Agua50_ETA50,120,0.934,0.919,0.926,13.25077399,14.64396285,13.99380805,13.9628483,% INH
424,Clitoria_ternatea,9,Flavonoides (ABTS),67.5,1_30,Agua50_ETA50,150,0.929,0.926,0.908,13.71517028,13.99380805,15.66563467,14.45820433,% INH
425,Clitoria_ternatea,9,Flavonoides (ABTS),67.5,1_30,Agua50_ETA50,180,0.92,0.916,0.92,14.55108359,14.92260062,14.55108359,14.6749226,% INH
426,Clitoria_ternatea,9,Flavonoides (ABTS),67.5,1_30,Agua50_ETA50,210,0.935,0.938,0.906,13.15789474,12.87925697,15.85139319,13.9628483,% INH
427,Clitoria_ternatea,9,Flavonoides (ABTS),67.5,1_30,Agua50_ETA50,240,0.938,0.924,0.87,12.87925697,14.17956656,19.19504644,15.41795666,% INH
428,Clitoria_ternatea,9,Flavonoides (ABTS),67.5,1_30,Agua50_ETA50,270,0.928,0.905,0.907,13.80804954,15.94427245,15.75851393,15.17027864,% INH
429,Clitoria_ternatea,9,Flavonoides (ABTS),67.5,1_30,Agua50_ETA50,300,0.883,0.927,0.916,17.9876161,13.90092879,14.92260062,15.60371517,% INH
430,Clitoria_ternatea,10,Flavonoides (ABTS),67.5,1_10,Agua50_ETA50,15,0.671,0.742,0.643,37.67801858,31.08359133,40.27863777,36.34674923,% INH
431,Clitoria_ternatea,10,Flavonoides (ABTS),67.5,1_10,Agua50_ETA50,30,0.665,0.649,0.678,38.23529412,39.72136223,37.02786378,38.32817337,% INH
432,Clitoria_ternatea,10,Flavonoides (ABTS),67.5,1_10,Agua50_ETA50,60,0.737,0.602,0.66,31.54798762,44.08668731,38.6996904,38.11145511,% INH
433,Clitoria_ternatea,10,Flavonoides (ABTS),67.5,1_10,Agua50_ETA50,90,0.676,0.665,0.727,37.21362229,38.23529412,32.47678019,35.9752322,% INH
434,Clitoria_ternatea,10,Flavonoides (ABTS),67.5,1_10,Agua50_ETA50,120,0.654,0.647,0.665,39.25696594,39.90712074,38.23529412,39.13312693,% INH
435,Clitoria_ternatea,10,Flavonoides (ABTS),67.5,1_10,Agua50_ETA50,150,0.675,0.708,0.538,37.30650155,34.24148607,50.03095975,40.52631579,% INH
436,Clitoria_ternatea,10,Flavonoides (ABTS),67.5,1_10,Agua50_ETA50,180,0.629,0.651,0.685,41.57894737,39.53560372,36.37770898,39.16408669,% INH
437,Clitoria_ternatea,10,Flavonoides (ABTS),67.5,1_10,Agua50_ETA50,210,0.659,0.709,0.573,38.79256966,34.14860681,46.78018576,39.90712074,% INH
438,Clitoria_ternatea,10,Flavonoides (ABTS),67.5,1_10,Agua50_ETA50,240,0.671,0.691,0.673,37.67801858,35.82043344,37.49226006,36.99690402,% INH
439,Clitoria_ternatea,10,Flavonoides (ABTS),67.5,1_10,Agua50_ETA50,270,0.676,0.704,0.813,37.21362229,34.6130031,24.48916409,32.10526316,% INH
440,Clitoria_ternatea,10,Flavonoides (ABTS),67.5,1_10,Agua50_ETA50,300,0.632,0.761,0.731,41.3003096,29.31888545,32.10526316,34.24148607,% INH
441,Clitoria_ternatea,11,Flavonoides (ABTS),67.5,1_30,Agua100,15,1.026,1.019,1.055,3.7222396,4.379105411,1.00093838,3.034094464,% INH
442,Clitoria_ternatea,11,Flavonoides (ABTS),67.5,1_30,Agua100,30,0.982,1.008,1.028,7.851110416,5.411323115,3.534563653,5.598999062,% INH
443,Clitoria_ternatea,11,Flavonoides (ABTS),67.5,1_30,Agua100,60,0.944,0.949,0.972,11.41695339,10.94776353,8.789490147,10.38473569,% INH
444,Clitoria_ternatea,11,Flavonoides (ABTS),67.5,1_30,Agua100,90,0.947,0.935,0.944,11.13543947,12.26149515,11.41695339,11.60462934,% INH
445,Clitoria_ternatea,11,Flavonoides (ABTS),67.5,1_30,Agua100,120,0.924,0.982,0.964,13.29371286,7.851110416,9.540193932,10.22833907,% INH
446,Clitoria_ternatea,11,Flavonoides (ABTS),67.5,1_30,Agua100,150,0.967,1.033,0.979,9.258680013,3.065373788,8.132624335,6.818892712,% INH
447,Clitoria_ternatea,11,Flavonoides (ABTS),67.5,1_30,Agua100,180,0.892,0.991,0.997,16.29652799,7.006568658,6.44354082,9.915545824,% INH
448,Clitoria_ternatea,11,Flavonoides (ABTS),67.5,1_30,Agua100,210,0.942,0.964,1.019,11.60462934,9.540193932,4.379105411,8.507976228,% INH
449,Clitoria_ternatea,11,Flavonoides (ABTS),67.5,1_30,Agua100,240,0.966,0.929,0.942,9.352517986,12.82452299,11.60462934,11.26055677,% INH
450,Clitoria_ternatea,11,Flavonoides (ABTS),67.5,1_30,Agua100,270,0.923,1.01,0.971,13.38755083,5.223647169,8.88332812,9.164842039,% INH
451,Clitoria_ternatea,11,Flavonoides (ABTS),67.5,1_30,Agua100,300,0.923,0.921,0.963,13.38755083,13.57522678,9.634031905,12.1989365,% INH
452,Clitoria_ternatea,12,Flavonoides (ABTS),67.5,1_10,Agua100,15,0.835,0.832,0.812,21.64529246,21.92680638,23.80356584,22.4585549,% INH
453,Clitoria_ternatea,12,Flavonoides (ABTS),67.5,1_10,Agua100,30,0.787,0.735,0.743,26.14951517,31.02908977,30.27838599,29.15233031,% INH
454,Clitoria_ternatea,12,Flavonoides (ABTS),67.5,1_10,Agua100,60,0.574,0.71,0.746,46.13700344,33.3750391,29.99687207,36.50297154,% INH
455,Clitoria_ternatea,12,Flavonoides (ABTS),67.5,1_10,Agua100,90,0.731,0.721,0.806,31.40444166,32.3428214,24.36659368,29.37128558,% INH
456,Clitoria_ternatea,12,Flavonoides (ABTS),67.5,1_10,Agua100,120,0.794,0.721,0.655,25.49264936,32.3428214,38.53612762,32.12386612,% INH
457,Clitoria_ternatea,12,Flavonoides (ABTS),67.5,1_10,Agua100,150,0.766,0.803,0.701,28.12011261,24.6481076,34.21958086,28.99593369,% INH
458,Clitoria_ternatea,12,Flavonoides (ABTS),67.5,1_10,Agua100,180,0.779,0.773,0.762,26.90021896,27.46324679,28.4954645,27.61964342,% INH
459,Clitoria_ternatea,12,Flavonoides (ABTS),67.5,1_10,Agua100,210,0.77,0.715,0.807,27.74476071,32.90584923,24.27275571,28.30778855,% INH
460,Clitoria_ternatea,12,Flavonoides (ABTS),67.5,1_10,Agua100,240,0.79,0.69,0.748,25.86800125,35.25179856,29.80919612,30.30966531,% INH
461,Clitoria_ternatea,12,Flavonoides (ABTS),67.5,1_10,Agua100,270,0.761,0.798,0.818,28.58930247,25.11729747,23.240538,25.64904598,% INH
462,Clitoria_ternatea,12,Flavonoides (ABTS),67.5,1_10,Agua100,300,0.734,0.818,0.799,31.12292774,23.240538,25.02345949,26.46230841,% INH
463,Clitoria_ternatea,13,Flavonoides (ABTS),67.5,1_20,Agua75_ETA25,15,0.926,0.884,0.818,8.498023715,12.64822134,19.16996047,13.43873518,% INH
464,Clitoria_ternatea,13,Flavonoides (ABTS),67.5,1_20,Agua75_ETA25,30,0.899,0.878,0.836,11.16600791,13.24110672,17.39130435,13.93280632,% INH
465,Clitoria_ternatea,13,Flavonoides (ABTS),67.5,1_20,Agua75_ETA25,60,0.872,0.847,0.864,13.83399209,16.30434783,14.62450593,14.92094862,% INH
466,Clitoria_ternatea,13,Flavonoides (ABTS),67.5,1_20,Agua75_ETA25,90,0.878,0.872,0.874,13.24110672,13.83399209,13.63636364,13.57048748,% INH
467,Clitoria_ternatea,13,Flavonoides (ABTS),67.5,1_20,Agua75_ETA25,120,0.865,0.786,0.788,14.5256917,22.33201581,22.13438735,19.66403162,% INH
468,Clitoria_ternatea,13,Flavonoides (ABTS),67.5,1_20,Agua75_ETA25,150,0.859,0.841,0.848,15.11857708,16.8972332,16.2055336,16.07378129,% INH
469,Clitoria_ternatea,13,Flavonoides (ABTS),67.5,1_20,Agua75_ETA25,180,0.86,0.833,0.893,15.01976285,17.68774704,11.75889328,14.82213439,% INH
470,Clitoria_ternatea,13,Flavonoides (ABTS),67.5,1_20,Agua75_ETA25,210,0.824,0.943,0.902,18.5770751,6.818181818,10.86956522,12.08827404,% INH
471,Clitoria_ternatea,13,Flavonoides (ABTS),67.5,1_20,Agua75_ETA25,240,0.837,0.809,0.707,17.29249012,20.05928854,30.13833992,22.49670619,% INH
472,Clitoria_ternatea,13,Flavonoides (ABTS),67.5,1_20,Agua75_ETA25,270,0.892,0.479,0.714,11.85770751,52.66798419,29.44664032,31.32411067,% INH
473,Clitoria_ternatea,13,Flavonoides (ABTS),67.5,1_20,Agua75_ETA25,300,0.883,0.845,0.801,12.74703557,16.50197628,20.84980237,16.69960474,% INH
474,Clitoria_ternatea,14,Flavonoides (ABTS),67.5,1_20,Agua75_ETA25,15,0.882,0.844,0.812,12.8458498,16.60079051,19.76284585,16.40316206,% INH
475,Clitoria_ternatea,14,Flavonoides (ABTS),67.5,1_20,Agua75_ETA25,30,0.866,0.83,0.861,14.42687747,17.98418972,14.92094862,15.7773386,% INH
476,Clitoria_ternatea,14,Flavonoides (ABTS),67.5,1_20,Agua75_ETA25,60,0.866,0.867,0.832,14.42687747,14.32806324,17.78656126,15.51383399,% INH
477,Clitoria_ternatea,14,Flavonoides (ABTS),67.5,1_20,Agua75_ETA25,90,0.855,0.828,0.843,15.51383399,18.18181818,16.69960474,16.79841897,% INH
478,Clitoria_ternatea,14,Flavonoides (ABTS),67.5,1_20,Agua75_ETA25,120,0.865,0.841,0.799,14.5256917,16.8972332,21.04743083,17.49011858,% INH
479,Clitoria_ternatea,14,Flavonoides (ABTS),67.5,1_20,Agua75_ETA25,150,0.857,0.85,0.908,15.31620553,16.00790514,10.27667984,13.86693017,% INH
480,Clitoria_ternatea,14,Flavonoides (ABTS),67.5,1_20,Agua75_ETA25,180,0.873,0.831,0.859,13.73517787,17.88537549,15.11857708,15.57971014,% INH
481,Clitoria_ternatea,14,Flavonoides (ABTS),67.5,1_20,Agua75_ETA25,210,0.868,0.835,0.859,14.22924901,17.49011858,15.11857708,15.61264822,% INH
482,Clitoria_ternatea,14,Flavonoides (ABTS),67.5,1_20,Agua75_ETA25,240,0.84,0.858,0.82,16.99604743,15.2173913,18.97233202,17.06192358,% INH
483,Clitoria_ternatea,14,Flavonoides (ABTS),67.5,1_20,Agua75_ETA25,270,0.872,0.805,0.836,13.83399209,20.45454545,17.39130435,17.22661397,% INH
484,Clitoria_ternatea,14,Flavonoides (ABTS),67.5,1_20,Agua75_ETA25,300,0.851,0.8,0.814,15.90909091,20.9486166,19.56521739,18.80764163,% INH
485,Clitoria_ternatea,15,Flavonoides (ABTS),67.5,1_20,Agua75_ETA25,15,0.86,0.902,0.883,20.89895013,16.76509186,18.6351706,18.7664042,% INH
486,Clitoria_ternatea,15,Flavonoides (ABTS),67.5,1_20,Agua75_ETA25,30,0.863,0.866,0.857,20.60367454,20.30839895,21.19422572,20.70209974,% INH
487,Clitoria_ternatea,15,Flavonoides (ABTS),67.5,1_20,Agua75_ETA25,60,0.913,0.863,0.841,15.6824147,20.60367454,22.76902887,19.68503937,% INH
488,Clitoria_ternatea,15,Flavonoides (ABTS),67.5,1_20,Agua75_ETA25,90,0.834,0.908,0.832,23.45800525,16.17454068,23.65485564,21.09580052,% INH
489,Clitoria_ternatea,15,Flavonoides (ABTS),67.5,1_20,Agua75_ETA25,120,0.799,0.828,0.802,26.90288714,24.04855643,26.60761155,25.85301837,% INH
490,Clitoria_ternatea,15,Flavonoides (ABTS),67.5,1_20,Agua75_ETA25,150,0.835,0.905,0.86,23.35958005,16.46981627,20.89895013,20.24278215,% INH
491,Clitoria_ternatea,15,Flavonoides (ABTS),67.5,1_20,Agua75_ETA25,180,0.88,0.869,0.823,18.93044619,20.01312336,24.54068241,21.16141732,% INH
492,Clitoria_ternatea,15,Flavonoides (ABTS),67.5,1_20,Agua75_ETA25,210,0.805,0.814,0.853,26.31233596,25.42650919,21.58792651,24.44225722,% INH
493,Clitoria_ternatea,15,Flavonoides (ABTS),67.5,1_20,Agua75_ETA25,240,0.837,0.818,0.828,23.16272966,25.0328084,24.04855643,24.08136483,% INH
494,Clitoria_ternatea,15,Flavonoides (ABTS),67.5,1_20,Agua75_ETA25,270,0.792,0.812,0.867,27.59186352,25.62335958,20.20997375,24.47506562,% INH
495,Clitoria_ternatea,15,Flavonoides (ABTS),67.5,1_20,Agua75_ETA25,300,0.875,0.861,0.909,19.42257218,20.80052493,16.07611549,18.7664042,% INH
496,Clitoria_ternatea,1,Flavonoides (DPPH),60,1_30,Agua75_ETA25,15,0.195,0.23,0.199,59.20502092,51.88284519,58.36820084,56.48535565,% INH
497,Clitoria_ternatea,1,Flavonoides (DPPH),60,1_30,Agua75_ETA25,30,0.227,0.192,0.198,52.51046025,59.83263598,58.57740586,56.9735007,% INH
498,Clitoria_ternatea,1,Flavonoides (DPPH),60,1_30,Agua75_ETA25,60,0.241,0.206,0.249,49.58158996,56.90376569,47.90794979,51.46443515,% INH
499,Clitoria_ternatea,1,Flavonoides (DPPH),60,1_30,Agua75_ETA25,90,0.225,0.218,0.159,52.92887029,54.39330544,66.73640167,58.0195258,% INH
500,Clitoria_ternatea,1,Flavonoides (DPPH),60,1_30,Agua75_ETA25,120,0.23,0.2,0.193,51.88284519,58.15899582,59.62343096,56.55509066,% INH
501,Clitoria_ternatea,1,Flavonoides (DPPH),60,1_30,Agua75_ETA25,150,0.231,0.335,0.242,51.67364017,29.91631799,49.37238494,43.65411437,% INH
502,Clitoria_ternatea,1,Flavonoides (DPPH),60,1_30,Agua75_ETA25,180,0.173,0.196,0.156,63.80753138,58.9958159,67.36401674,63.38912134,% INH
503,Clitoria_ternatea,1,Flavonoides (DPPH),60,1_30,Agua75_ETA25,210,0.194,0.244,0.23,59.41422594,48.9539749,51.88284519,53.41701534,% INH
504,Clitoria_ternatea,1,Flavonoides (DPPH),60,1_30,Agua75_ETA25,240,0.225,0.343,0.264,52.92887029,28.24267782,44.76987448,41.9804742,% INH
505,Clitoria_ternatea,1,Flavonoides (DPPH),60,1_30,Agua75_ETA25,270,0.163,0.184,0.176,65.89958159,61.50627615,63.17991632,63.52859135,% INH
506,Clitoria_ternatea,1,Flavonoides (DPPH),60,1_30,Agua75_ETA25,300,0.214,0.349,0.189,55.23012552,26.9874477,60.46025105,47.55927476,% INH
507,Clitoria_ternatea,2,Flavonoides (DPPH),75,1_30,Agua75_ETA25,15,0.376,0.26,0.317,21.33891213,45.60669456,33.68200837,33.54253835,% INH
508,Clitoria_ternatea,2,Flavonoides (DPPH),75,1_30,Agua75_ETA25,30,0.285,0.177,0.196,40.37656904,62.9707113,58.9958159,54.11436541,% INH
509,Clitoria_ternatea,2,Flavonoides (DPPH),75,1_30,Agua75_ETA25,60,0.219,0.209,0.197,54.18410042,56.27615063,58.78661088,56.41562064,% INH
510,Clitoria_ternatea,2,Flavonoides (DPPH),75,1_30,Agua75_ETA25,90,0.271,0.264,0.317,43.30543933,44.76987448,33.68200837,40.58577406,% INH
511,Clitoria_ternatea,2,Flavonoides (DPPH),75,1_30,Agua75_ETA25,120,0.232,0.211,0.195,51.46443515,55.85774059,59.20502092,55.50906555,% INH
512,Clitoria_ternatea,2,Flavonoides (DPPH),75,1_30,Agua75_ETA25,150,0.368,0.256,0.373,23.0125523,46.44351464,21.9665272,30.47419805,% INH
513,Clitoria_ternatea,2,Flavonoides (DPPH),75,1_30,Agua75_ETA25,180,0.304,0.181,0.238,36.40167364,62.13389121,50.20920502,49.58158996,% INH
514,Clitoria_ternatea,2,Flavonoides (DPPH),75,1_30,Agua75_ETA25,210,0.216,0.233,0.248,54.81171548,51.25523013,48.11715481,51.39470014,% INH
515,Clitoria_ternatea,2,Flavonoides (DPPH),75,1_30,Agua75_ETA25,240,0.367,0.262,0.357,23.22175732,45.18828452,25.31380753,31.24128312,% INH
516,Clitoria_ternatea,2,Flavonoides (DPPH),75,1_30,Agua75_ETA25,270,0.323,0.19,0.219,32.42677824,60.25104603,54.18410042,48.9539749,% INH
517,Clitoria_ternatea,2,Flavonoides (DPPH),75,1_30,Agua75_ETA25,300,0.478,0.506,0.288,1.16132E-14,-5.857740586,39.74895397,11.29707113,% INH
518,Clitoria_ternatea,3,Flavonoides (DPPH),60,1_10,Agua75_ETA25,15,0.157,0.207,0.195,67.15481172,56.69456067,59.20502092,61.0181311,% INH
519,Clitoria_ternatea,3,Flavonoides (DPPH),60,1_10,Agua75_ETA25,30,0.272,0.22,0.247,43.09623431,53.9748954,48.32635983,48.46582985,% INH
520,Clitoria_ternatea,3,Flavonoides (DPPH),60,1_10,Agua75_ETA25,60,0.309,0.274,0.219,35.35564854,42.67782427,54.18410042,44.07252441,% INH
521,Clitoria_ternatea,3,Flavonoides (DPPH),60,1_10,Agua75_ETA25,90,0.264,0.264,0.21,44.76987448,44.76987448,56.06694561,48.53556485,% INH
522,Clitoria_ternatea,3,Flavonoides (DPPH),60,1_10,Agua75_ETA25,120,0.235,0.289,0.278,50.83682008,39.53974895,41.84100418,44.07252441,% INH
523,Clitoria_ternatea,3,Flavonoides (DPPH),60,1_10,Agua75_ETA25,150,0.216,0.278,0.269,54.81171548,41.84100418,43.72384937,46.79218968,% INH
524,Clitoria_ternatea,3,Flavonoides (DPPH),60,1_10,Agua75_ETA25,180,0.215,0.267,0.256,55.0209205,44.14225941,46.44351464,48.53556485,% INH
525,Clitoria_ternatea,3,Flavonoides (DPPH),60,1_10,Agua75_ETA25,210,0.212,0.392,0.342,55.64853556,17.9916318,28.45188285,34.0306834,% INH
526,Clitoria_ternatea,3,Flavonoides (DPPH),60,1_10,Agua75_ETA25,240,0.206,0.261,0.252,56.90376569,45.39748954,47.28033473,49.86052999,% INH
527,Clitoria_ternatea,3,Flavonoides (DPPH),60,1_10,Agua75_ETA25,270,0.211,0.255,0.252,55.85774059,46.65271967,47.28033473,49.93026499,% INH
528,Clitoria_ternatea,3,Flavonoides (DPPH),60,1_10,Agua75_ETA25,300,0.341,0.764,0.269,28.66108787,-59.83263598,43.72384937,4.184100418,% INH
529,Clitoria_ternatea,4,Flavonoides (DPPH),75,1_10,Agua75_ETA25,15,0.306,0.649,0.239,35.9832636,-35.77405858,50,16.73640167,% INH
530,Clitoria_ternatea,4,Flavonoides (DPPH),75,1_10,Agua75_ETA25,30,0.302,0.335,0.238,36.82008368,29.91631799,50.20920502,38.9818689,% INH
531,Clitoria_ternatea,4,Flavonoides (DPPH),75,1_10,Agua75_ETA25,60,0.293,0.35,0.275,38.70292887,26.77824268,42.46861925,35.9832636,% INH
532,Clitoria_ternatea,4,Flavonoides (DPPH),75,1_10,Agua75_ETA25,90,0.321,0.343,0.307,32.84518828,28.24267782,35.77405858,32.28730823,% INH
533,Clitoria_ternatea,4,Flavonoides (DPPH),75,1_10,Agua75_ETA25,120,0.222,0.357,0.324,53.55648536,25.31380753,32.21757322,37.0292887,% INH
534,Clitoria_ternatea,4,Flavonoides (DPPH),75,1_10,Agua75_ETA25,150,0.343,0.329,0.314,28.24267782,31.17154812,34.30962343,31.24128312,% INH
535,Clitoria_ternatea,4,Flavonoides (DPPH),75,1_10,Agua75_ETA25,180,0.363,0.334,0.29,24.05857741,30.12552301,39.33054393,31.17154812,% INH
536,Clitoria_ternatea,4,Flavonoides (DPPH),75,1_10,Agua75_ETA25,210,0.37,0.299,0.293,22.59414226,37.44769874,38.70292887,32.91492329,% INH
537,Clitoria_ternatea,4,Flavonoides (DPPH),75,1_10,Agua75_ETA25,240,0.385,0.334,0.343,19.45606695,30.12552301,28.24267782,25.94142259,% INH
538,Clitoria_ternatea,4,Flavonoides (DPPH),75,1_10,Agua75_ETA25,270,0.387,0.357,0.345,19.0376569,25.31380753,27.82426778,24.05857741,% INH
539,Clitoria_ternatea,4,Flavonoides (DPPH),75,1_10,Agua75_ETA25,300,0.338,0.401,0.301,29.28870293,16.10878661,37.0292887,27.47559275,% INH
540,Clitoria_ternatea,5,Flavonoides (DPPH),60,1_20,Agua50_ETA50,15,0.185,0.162,0.157,61.29707113,66.10878661,67.15481172,64.85355649,% INH
541,Clitoria_ternatea,5,Flavonoides (DPPH),60,1_20,Agua50_ETA50,30,0.186,0.204,0.17,61.08786611,57.32217573,64.43514644,60.94839609,% INH
542,Clitoria_ternatea,5,Flavonoides (DPPH),60,1_20,Agua50_ETA50,60,0.189,0.186,0.322,60.46025105,61.08786611,32.63598326,51.39470014,% INH
543,Clitoria_ternatea,5,Flavonoides (DPPH),60,1_20,Agua50_ETA50,90,0.212,0.214,0.191,55.64853556,55.23012552,60.041841,56.9735007,% INH
544,Clitoria_ternatea,5,Flavonoides (DPPH),60,1_20,Agua50_ETA50,120,0.229,0.161,0.309,52.09205021,66.31799163,35.35564854,51.25523013,% INH
545,Clitoria_ternatea,5,Flavonoides (DPPH),60,1_20,Agua50_ETA50,150,0.175,0.172,0.166,63.38912134,64.0167364,65.27196653,64.22594142,% INH
546,Clitoria_ternatea,5,Flavonoides (DPPH),60,1_20,Agua50_ETA50,180,0.215,0.19,0.181,55.0209205,60.25104603,62.13389121,59.13528591,% INH
547,Clitoria_ternatea,5,Flavonoides (DPPH),60,1_20,Agua50_ETA50,210,0.211,0.175,0.173,55.85774059,63.38912134,63.80753138,61.0181311,% INH
548,Clitoria_ternatea,5,Flavonoides (DPPH),60,1_20,Agua50_ETA50,240,0.231,0.168,0.176,51.67364017,64.85355649,63.17991632,59.90237099,% INH
549,Clitoria_ternatea,5,Flavonoides (DPPH),60,1_20,Agua50_ETA50,270,0.23,0.27,0.238,51.88284519,43.51464435,50.20920502,48.53556485,% INH
550,Clitoria_ternatea,5,Flavonoides (DPPH),60,1_20,Agua50_ETA50,300,0.17,0.161,0.247,64.43514644,66.31799163,48.32635983,59.69316597,% INH
551,Clitoria_ternatea,6,Flavonoides (DPPH),75,1_20,Agua50_ETA50,15,0.153,0.207,0.173,67.9916318,56.69456067,63.80753138,62.83124128,% INH
552,Clitoria_ternatea,6,Flavonoides (DPPH),75,1_20,Agua50_ETA50,30,0.182,0.2,0.198,61.92468619,58.15899582,58.57740586,59.55369596,% INH
553,Clitoria_ternatea,6,Flavonoides (DPPH),75,1_20,Agua50_ETA50,60,0.185,0.207,0.179,61.29707113,56.69456067,62.55230126,60.18131102,% INH
554,Clitoria_ternatea,6,Flavonoides (DPPH),75,1_20,Agua50_ETA50,90,0.187,0.21,0.187,60.87866109,56.06694561,60.87866109,59.27475593,% INH
555,Clitoria_ternatea,6,Flavonoides (DPPH),75,1_20,Agua50_ETA50,120,0.217,0.25,0.203,54.60251046,47.69874477,57.53138075,53.27754533,% INH
556,Clitoria_ternatea,6,Flavonoides (DPPH),75,1_20,Agua50_ETA50,150,0.22,0.22,0.207,53.9748954,53.9748954,56.69456067,54.88145049,% INH
557,Clitoria_ternatea,6,Flavonoides (DPPH),75,1_20,Agua50_ETA50,180,0.226,0.234,0.25,52.71966527,51.0460251,47.69874477,50.48814505,% INH
558,Clitoria_ternatea,6,Flavonoides (DPPH),75,1_20,Agua50_ETA50,210,0.327,0.384,0.222,31.58995816,19.66527197,53.55648536,34.93723849,% INH
559,Clitoria_ternatea,6,Flavonoides (DPPH),75,1_20,Agua50_ETA50,240,0.24,0.292,0.235,49.79079498,38.91213389,50.83682008,46.51324965,% INH
560,Clitoria_ternatea,6,Flavonoides (DPPH),75,1_20,Agua50_ETA50,270,0.375,0.207,0.206,21.54811715,56.69456067,56.90376569,45.0488145,% INH
561,Clitoria_ternatea,6,Flavonoides (DPPH),75,1_20,Agua50_ETA50,300,0.267,0.239,0.315,44.14225941,50,34.10041841,42.74755927,% INH
562,Clitoria_ternatea,7,Flavonoides (DPPH),60,1_20,Agua100,15,0.298,0.297,0.308,37.65690377,37.86610879,35.56485356,37.0292887,% INH
563,Clitoria_ternatea,7,Flavonoides (DPPH),60,1_20,Agua100,30,0.248,0.25,0.286,48.11715481,47.69874477,40.16736402,45.32775453,% INH
564,Clitoria_ternatea,7,Flavonoides (DPPH),60,1_20,Agua100,60,0.195,0.216,0.257,59.20502092,54.81171548,46.23430962,53.41701534,% INH
565,Clitoria_ternatea,7,Flavonoides (DPPH),60,1_20,Agua100,90,0.244,0.255,0.303,48.9539749,46.65271967,36.61087866,44.07252441,% INH
566,Clitoria_ternatea,7,Flavonoides (DPPH),60,1_20,Agua100,120,0.174,0.187,0.247,63.59832636,60.87866109,48.32635983,57.60111576,% INH
567,Clitoria_ternatea,7,Flavonoides (DPPH),60,1_20,Agua100,150,0.248,0.241,0.355,48.11715481,49.58158996,25.73221757,41.14365411,% INH
568,Clitoria_ternatea,7,Flavonoides (DPPH),60,1_20,Agua100,180,0.169,0.178,0.319,64.64435146,62.76150628,33.26359833,53.55648536,% INH
569,Clitoria_ternatea,7,Flavonoides (DPPH),60,1_20,Agua100,210,0.17,0.167,0.168,64.43514644,65.06276151,64.85355649,64.78382148,% INH
570,Clitoria_ternatea,7,Flavonoides (DPPH),60,1_20,Agua100,240,0.197,0.192,0.386,58.78661088,59.83263598,19.24686192,45.9553696,% INH
571,Clitoria_ternatea,7,Flavonoides (DPPH),60,1_20,Agua100,270,0.213,0.188,0.254,55.43933054,60.66945607,46.86192469,54.32357043,% INH
572,Clitoria_ternatea,7,Flavonoides (DPPH),60,1_20,Agua100,300,0.163,0.163,0.161,65.89958159,65.89958159,66.31799163,66.0390516,% INH
573,Clitoria_ternatea,8,Flavonoides (DPPH),75,1_20,Agua100,15,0.176,0.173,0.173,63.17991632,63.80753138,63.80753138,63.59832636,% INH
574,Clitoria_ternatea,8,Flavonoides (DPPH),75,1_20,Agua100,30,0.225,0.177,0.179,52.92887029,62.9707113,62.55230126,59.48396095,% INH
575,Clitoria_ternatea,8,Flavonoides (DPPH),75,1_20,Agua100,60,0.168,0.173,0.174,64.85355649,63.80753138,63.59832636,64.08647141,% INH
576,Clitoria_ternatea,8,Flavonoides (DPPH),75,1_20,Agua100,90,0.193,0.18,0.175,59.62343096,62.34309623,63.38912134,61.78521618,% INH
577,Clitoria_ternatea,8,Flavonoides (DPPH),75,1_20,Agua100,120,0.177,0.17,0.171,62.9707113,64.43514644,64.22594142,63.87726639,% INH
578,Clitoria_ternatea,8,Flavonoides (DPPH),75,1_20,Agua100,150,0.175,0.183,0.198,63.38912134,61.71548117,58.57740586,61.22733612,% INH
579,Clitoria_ternatea,8,Flavonoides (DPPH),75,1_20,Agua100,180,0.161,0.18,0.161,66.31799163,62.34309623,66.31799163,64.9930265,% INH
580,Clitoria_ternatea,8,Flavonoides (DPPH),75,1_20,Agua100,210,0.219,0.198,0.291,54.18410042,58.57740586,39.12133891,50.62761506,% INH
581,Clitoria_ternatea,8,Flavonoides (DPPH),75,1_20,Agua100,240,0.18,0.182,0.192,62.34309623,61.92468619,59.83263598,61.36680614,% INH
582,Clitoria_ternatea,8,Flavonoides (DPPH),75,1_20,Agua100,270,0.179,0.192,0.268,62.55230126,59.83263598,43.93305439,55.43933054,% INH
583,Clitoria_ternatea,8,Flavonoides (DPPH),75,1_20,Agua100,300,0.196,0.192,0.233,58.9958159,59.83263598,51.25523013,56.69456067,% INH
584,Clitoria_ternatea,9,Flavonoides (DPPH),67.5,1_30,Agua50_ETA50,15,0.085,0.107,0.123,82.21757322,77.61506276,74.26778243,78.0334728,% INH
585,Clitoria_ternatea,9,Flavonoides (DPPH),67.5,1_30,Agua50_ETA50,30,0.092,0.111,0.132,80.75313808,76.77824268,72.38493724,76.63877266,% INH
586,Clitoria_ternatea,9,Flavonoides (DPPH),67.5,1_30,Agua50_ETA50,60,0.104,0.115,0.122,78.24267782,75.94142259,74.47698745,76.22036262,% INH
587,Clitoria_ternatea,9,Flavonoides (DPPH),67.5,1_30,Agua50_ETA50,90,0.092,0.102,0.122,80.75313808,78.66108787,74.47698745,77.9637378,% INH
588,Clitoria_ternatea,9,Flavonoides (DPPH),67.5,1_30,Agua50_ETA50,120,0.098,0.094,0.124,79.49790795,80.33472803,74.05857741,77.9637378,% INH
589,Clitoria_ternatea,9,Flavonoides (DPPH),67.5,1_30,Agua50_ETA50,150,0.097,0.108,0.106,79.70711297,77.40585774,77.82426778,78.31241283,% INH
590,Clitoria_ternatea,9,Flavonoides (DPPH),67.5,1_30,Agua50_ETA50,180,0.104,0.111,0.128,78.24267782,76.77824268,73.22175732,76.08089261,% INH
591,Clitoria_ternatea,9,Flavonoides (DPPH),67.5,1_30,Agua50_ETA50,210,0.094,0.119,0.114,80.33472803,75.10460251,76.15062762,77.19665272,% INH
592,Clitoria_ternatea,9,Flavonoides (DPPH),67.5,1_30,Agua50_ETA50,240,0.106,0.119,0.151,77.82426778,75.10460251,68.41004184,73.77963738,% INH
593,Clitoria_ternatea,9,Flavonoides (DPPH),67.5,1_30,Agua50_ETA50,270,0.1,0.107,0.123,79.07949791,77.61506276,74.26778243,76.9874477,% INH
594,Clitoria_ternatea,9,Flavonoides (DPPH),67.5,1_30,Agua50_ETA50,300,0.11,0.111,0.117,76.9874477,76.77824268,75.52301255,76.42956764,% INH
595,Clitoria_ternatea,10,Flavonoides (DPPH),67.5,1_10,Agua50_ETA50,15,0.26,0.266,0.246,45.60669456,44.35146444,48.53556485,46.16457462,% INH
596,Clitoria_ternatea,10,Flavonoides (DPPH),67.5,1_10,Agua50_ETA50,30,0.275,0.282,0.283,42.46861925,41.0041841,40.79497908,41.42259414,% INH
597,Clitoria_ternatea,10,Flavonoides (DPPH),67.5,1_10,Agua50_ETA50,60,0.368,0.382,0.262,23.0125523,20.08368201,45.18828452,29.42817294,% INH
598,Clitoria_ternatea,10,Flavonoides (DPPH),67.5,1_10,Agua50_ETA50,90,0.312,0.398,0.278,34.72803347,16.73640167,41.84100418,31.10181311,% INH
599,Clitoria_ternatea,10,Flavonoides (DPPH),67.5,1_10,Agua50_ETA50,120,0.353,0.423,0.283,26.15062762,11.50627615,40.79497908,26.15062762,% INH
600,Clitoria_ternatea,10,Flavonoides (DPPH),67.5,1_10,Agua50_ETA50,150,0.262,0.402,0.266,45.18828452,15.89958159,44.35146444,35.14644351,% INH
601,Clitoria_ternatea,10,Flavonoides (DPPH),67.5,1_10,Agua50_ETA50,180,0.302,0.375,0.252,36.82008368,21.54811715,47.28033473,35.21617852,% INH
602,Clitoria_ternatea,10,Flavonoides (DPPH),67.5,1_10,Agua50_ETA50,210,0.329,0.446,0.313,31.17154812,6.694560669,34.51882845,24.12831241,% INH
603,Clitoria_ternatea,10,Flavonoides (DPPH),67.5,1_10,Agua50_ETA50,240,0.266,0.436,0.339,44.35146444,8.786610879,29.07949791,27.40585774,% INH
604,Clitoria_ternatea,10,Flavonoides (DPPH),67.5,1_10,Agua50_ETA50,270,0.343,0.406,0.263,28.24267782,15.06276151,44.9790795,29.42817294,% INH
605,Clitoria_ternatea,10,Flavonoides (DPPH),67.5,1_10,Agua50_ETA50,300,0.291,0.365,0.269,39.12133891,23.64016736,43.72384937,35.49511855,% INH
606,Clitoria_ternatea,11,Flavonoides (DPPH),67.5,1_30,Agua100,15,0.245,0.253,0.267,48.74476987,47.07112971,44.14225941,46.65271967,% INH
607,Clitoria_ternatea,11,Flavonoides (DPPH),67.5,1_30,Agua100,30,0.232,0.203,0.229,51.46443515,57.53138075,52.09205021,53.69595537,% INH
608,Clitoria_ternatea,11,Flavonoides (DPPH),67.5,1_30,Agua100,60,0.266,0.248,0.256,44.35146444,48.11715481,46.44351464,46.30404463,% INH
609,Clitoria_ternatea,11,Flavonoides (DPPH),67.5,1_30,Agua100,90,0.249,0.246,0.264,47.90794979,48.53556485,44.76987448,47.07112971,% INH
610,Clitoria_ternatea,11,Flavonoides (DPPH),67.5,1_30,Agua100,120,0.252,0.186,0.238,47.28033473,61.08786611,50.20920502,52.85913529,% INH
611,Clitoria_ternatea,11,Flavonoides (DPPH),67.5,1_30,Agua100,150,0.253,0.236,0.23,47.07112971,50.62761506,51.88284519,49.86052999,% INH
612,Clitoria_ternatea,11,Flavonoides (DPPH),67.5,1_30,Agua100,180,0.21,0.186,0.226,56.06694561,61.08786611,52.71966527,56.62482566,% INH
613,Clitoria_ternatea,11,Flavonoides (DPPH),67.5,1_30,Agua100,210,0.26,0.192,0.293,45.60669456,59.83263598,38.70292887,48.0474198,% INH
614,Clitoria_ternatea,11,Flavonoides (DPPH),67.5,1_30,Agua100,240,0.27,0.225,0.272,43.51464435,52.92887029,43.09623431,46.51324965,% INH
615,Clitoria_ternatea,11,Flavonoides (DPPH),67.5,1_30,Agua100,270,0.237,0.235,0.223,50.41841004,50.83682008,53.34728033,51.53417015,% INH
616,Clitoria_ternatea,11,Flavonoides (DPPH),67.5,1_30,Agua100,300,0.244,0.197,0.16,48.9539749,58.78661088,66.52719665,58.08926081,% INH
617,Clitoria_ternatea,12,Flavonoides (DPPH),67.5,1_10,Agua100,15,0.213,0.284,0.215,55.43933054,40.58577406,55.0209205,50.34867503,% INH
618,Clitoria_ternatea,12,Flavonoides (DPPH),67.5,1_10,Agua100,30,0.314,0.343,0.37,34.30962343,28.24267782,22.59414226,28.38214784,% INH
619,Clitoria_ternatea,12,Flavonoides (DPPH),67.5,1_10,Agua100,60,0.274,0.284,0.29,42.67782427,40.58577406,39.33054393,40.86471409,% INH
620,Clitoria_ternatea,12,Flavonoides (DPPH),67.5,1_10,Agua100,90,0.33,0.434,0.343,30.9623431,9.205020921,28.24267782,22.80334728,% INH
621,Clitoria_ternatea,12,Flavonoides (DPPH),67.5,1_10,Agua100,120,0.275,0.393,0.373,42.46861925,17.78242678,21.9665272,27.40585774,% INH
622,Clitoria_ternatea,12,Flavonoides (DPPH),67.5,1_10,Agua100,150,0.366,0.275,0.262,23.43096234,42.46861925,45.18828452,37.0292887,% INH
623,Clitoria_ternatea,12,Flavonoides (DPPH),67.5,1_10,Agua100,180,0.378,0.28,0.285,20.92050209,41.42259414,40.37656904,34.23988842,% INH
624,Clitoria_ternatea,12,Flavonoides (DPPH),67.5,1_10,Agua100,210,0.336,0.255,0.261,29.70711297,46.65271967,45.39748954,40.58577406,% INH
625,Clitoria_ternatea,12,Flavonoides (DPPH),67.5,1_10,Agua100,240,0.425,0.396,0.387,11.08786611,17.15481172,19.0376569,15.76011158,% INH
626,Clitoria_ternatea,12,Flavonoides (DPPH),67.5,1_10,Agua100,270,0.378,0.336,0.323,20.92050209,29.70711297,32.42677824,27.68479777,% INH
627,Clitoria_ternatea,12,Flavonoides (DPPH),67.5,1_10,Agua100,300,0.295,0.285,0.272,38.28451883,40.37656904,43.09623431,40.58577406,% INH
628,Clitoria_ternatea,13,Flavonoides (DPPH),67.5,1_20,Agua75_ETA25,15,0.344,0.235,0.253,28.0334728,50.83682008,47.07112971,41.9804742,% INH
629,Clitoria_ternatea,13,Flavonoides (DPPH),67.5,1_20,Agua75_ETA25,30,0.34,0.294,0.262,28.87029289,38.49372385,45.18828452,37.51743375,% INH
630,Clitoria_ternatea,13,Flavonoides (DPPH),67.5,1_20,Agua75_ETA25,60,0.383,0.342,0.333,19.87447699,28.45188285,30.33472803,26.22036262,% INH
631,Clitoria_ternatea,13,Flavonoides (DPPH),67.5,1_20,Agua75_ETA25,90,0.348,0.327,0.278,27.19665272,31.58995816,41.84100418,33.54253835,% INH
632,Clitoria_ternatea,13,Flavonoides (DPPH),67.5,1_20,Agua75_ETA25,120,0.234,0.247,0.248,51.0460251,48.32635983,48.11715481,49.16317992,% INH
633,Clitoria_ternatea,13,Flavonoides (DPPH),67.5,1_20,Agua75_ETA25,150,0.24,0.253,0.305,49.79079498,47.07112971,36.19246862,44.35146444,% INH
634,Clitoria_ternatea,13,Flavonoides (DPPH),67.5,1_20,Agua75_ETA25,180,0.251,0.37,0.319,47.48953975,22.59414226,33.26359833,34.44909344,% INH
635,Clitoria_ternatea,13,Flavonoides (DPPH),67.5,1_20,Agua75_ETA25,210,0.319,0.341,0.392,33.26359833,28.66108787,17.9916318,26.63877266,% INH
636,Clitoria_ternatea,13,Flavonoides (DPPH),67.5,1_20,Agua75_ETA25,240,0.303,0.365,0.266,36.61087866,23.64016736,44.35146444,34.86750349,% INH
637,Clitoria_ternatea,13,Flavonoides (DPPH),67.5,1_20,Agua75_ETA25,270,0.271,0.333,0.259,43.30543933,30.33472803,45.81589958,39.81868898,% INH
638,Clitoria_ternatea,13,Flavonoides (DPPH),67.5,1_20,Agua75_ETA25,300,0.361,0.341,0.366,24.47698745,28.66108787,23.43096234,25.52301255,% INH
639,Clitoria_ternatea,14,Flavonoides (DPPH),67.5,1_20,Agua75_ETA25,15,0.233,0.3,0.19,51.25523013,37.23849372,60.25104603,49.58158996,% INH
640,Clitoria_ternatea,14,Flavonoides (DPPH),67.5,1_20,Agua75_ETA25,30,0.338,0.33,0.289,29.28870293,30.9623431,39.53974895,33.26359833,% INH
641,Clitoria_ternatea,14,Flavonoides (DPPH),67.5,1_20,Agua75_ETA25,60,0.285,0.217,0.219,40.37656904,54.60251046,54.18410042,49.72105997,% INH
642,Clitoria_ternatea,14,Flavonoides (DPPH),67.5,1_20,Agua75_ETA25,90,0.368,0.41,0.407,23.0125523,14.22594142,14.85355649,17.36401674,% INH
643,Clitoria_ternatea,14,Flavonoides (DPPH),67.5,1_20,Agua75_ETA25,120,0.319,0.21,0.174,33.26359833,56.06694561,63.59832636,50.9762901,% INH
644,Clitoria_ternatea,14,Flavonoides (DPPH),67.5,1_20,Agua75_ETA25,150,0.23,0.27,0.422,51.88284519,43.51464435,11.71548117,35.70432357,% INH
645,Clitoria_ternatea,14,Flavonoides (DPPH),67.5,1_20,Agua75_ETA25,180,0.324,0.348,0.378,32.21757322,27.19665272,20.92050209,26.77824268,% INH
646,Clitoria_ternatea,14,Flavonoides (DPPH),67.5,1_20,Agua75_ETA25,210,0.277,0.374,0.418,42.05020921,21.75732218,12.55230126,25.45327755,% INH
647,Clitoria_ternatea,14,Flavonoides (DPPH),67.5,1_20,Agua75_ETA25,240,0.328,0.41,0.411,31.38075314,14.22594142,14.0167364,19.87447699,% INH
648,Clitoria_ternatea,14,Flavonoides (DPPH),67.5,1_20,Agua75_ETA25,270,0.223,0.417,0.397,53.34728033,12.76150628,16.94560669,27.68479777,% INH
649,Clitoria_ternatea,14,Flavonoides (DPPH),67.5,1_20,Agua75_ETA25,300,0.241,0.244,0.18,49.58158996,48.9539749,62.34309623,53.62622036,% INH
650,Clitoria_ternatea,15,Flavonoides (DPPH),67.5,1_20,Agua75_ETA25,15,0,0,0,100,100,100,100,% INH
651,Clitoria_ternatea,15,Flavonoides (DPPH),67.5,1_20,Agua75_ETA25,30,0,0,0,100,100,100,100,% INH
652,Clitoria_ternatea,15,Flavonoides (DPPH),67.5,1_20,Agua75_ETA25,60,0,0,0,100,100,100,100,% INH
653,Clitoria_ternatea,15,Flavonoides (DPPH),67.5,1_20,Agua75_ETA25,90,0,0,0,100,100,100,100,% INH
654,Clitoria_ternatea,15,Flavonoides (DPPH),67.5,1_20,Agua75_ETA25,120,0,0,0,100,100,100,100,% INH
655,Clitoria_ternatea,15,Flavonoides (DPPH),67.5,1_20,Agua75_ETA25,150,0,0,0,100,100,100,100,% INH
656,Clitoria_ternatea,15,Flavonoides (DPPH),67.5,1_20,Agua75_ETA25,180,0,0,0,100,100,100,100,% INH
657,Clitoria_ternatea,15,Flavonoides (DPPH),67.5,1_20,Agua75_ETA25,210,0,0,0,100,100,100,100,% INH
658,Clitoria_ternatea,15,Flavonoides (DPPH),67.5,1_20,Agua75_ETA25,240,0,0,0,100,100,100,100,% INH
659,Clitoria_ternatea,15,Flavonoides (DPPH),67.5,1_20,Agua75_ETA25,270,0,0,0,100,100,100,100,% INH
660,Clitoria_ternatea,15,Flavonoides (DPPH),67.5,1_20,Agua75_ETA25,300,0,0,0,100,100,100,100,% INH
